X1,X2,X3,Y
0.0,-0.45,-0.25,-2.9478883743286133
0.005025125628140704,-0.45,-0.25,-0.4323291778564453
0.010050251256281407,-0.45,-0.25,0.3959074020385742
0.01507537688442211,-0.45,-0.25,1.5350704193115234
0.020100502512562814,-0.45,-0.25,3.026688575744629
0.02512562814070352,-0.45,-0.25,4.545355796813965
0.03015075376884422,-0.45,-0.25,3.781470775604248
0.035175879396984924,-0.45,-0.25,3.2198123931884766
0.04020100502512563,-0.45,-0.25,1.85422945022583
0.04522613065326633,-0.45,-0.25,0.9943466186523438
0.05025125628140704,-0.45,-0.25,-0.26448583602905273
0.05527638190954774,-0.45,-0.25,-1.442652702331543
0.06030150753768844,-0.45,-0.25,-2.353499412536621
0.06532663316582915,-0.45,-0.25,-2.7323317527770996
0.07035175879396985,-0.45,-0.25,-3.0659103393554688
0.07537688442211056,-0.45,-0.25,-3.1565067768096924
0.08040201005025126,-0.45,-0.25,-2.977893590927124
0.08542713567839195,-0.45,-0.25,-2.6402931213378906
0.09045226130653267,-0.45,-0.25,-2.1169683933258057
0.09547738693467336,-0.45,-0.25,-1.071946144104004
0.10050251256281408,-0.45,-0.25,-0.26152700185775757
0.10552763819095477,-0.45,-0.25,0.19842928647994995
0.11055276381909548,-0.45,-0.25,0.587804913520813
0.11557788944723618,-0.45,-0.25,0.9941005706787109
0.12060301507537688,-0.45,-0.25,0.9621039628982544
0.12562814070351758,-0.45,-0.25,0.7172448635101318
0.1306532663316583,-0.45,-0.25,1.0070292949676514
0.135678391959799,-0.45,-0.25,0.7429107427597046
0.1407035175879397,-0.45,-0.25,0.6010063290596008
0.1457286432160804,-0.45,-0.25,0.511403501033783
0.15075376884422112,-0.45,-0.25,0.3881528973579407
0.15577889447236182,-0.45,-0.25,0.3614432215690613
0.16080402010050251,-0.45,-0.25,0.4799512028694153
0.1658291457286432,-0.45,-0.25,0.41842204332351685
0.1708542713567839,-0.45,-0.25,0.3259313404560089
0.17587939698492464,-0.45,-0.25,0.11761626601219177
0.18090452261306533,-0.45,-0.25,0.17458155751228333
0.18592964824120603,-0.45,-0.25,0.45173054933547974
0.19095477386934673,-0.45,-0.25,0.6108212471008301
0.19597989949748745,-0.45,-0.25,0.7029691338539124
0.20100502512562815,-0.45,-0.25,0.5210529565811157
0.20603015075376885,-0.45,-0.25,0.3397761285305023
0.21105527638190955,-0.45,-0.25,0.1270962357521057
0.21608040201005024,-0.45,-0.25,-0.011734623461961746
0.22110552763819097,-0.45,-0.25,-0.35595327615737915
0.22613065326633167,-0.45,-0.25,-0.6381981372833252
0.23115577889447236,-0.45,-0.25,-0.93612140417099
0.23618090452261306,-0.45,-0.25,-0.9079371690750122
0.24120603015075376,-0.45,-0.25,-0.95448899269104
0.24623115577889448,-0.45,-0.25,-1.1094846725463867
0.25125628140703515,-0.45,-0.25,-1.2573132514953613
0.2562814070351759,-0.45,-0.25,-1.398028016090393
0.2613065326633166,-0.45,-0.25,-1.469696044921875
0.2663316582914573,-0.45,-0.25,-1.5416349172592163
0.271356783919598,-0.45,-0.25,-1.671486258506775
0.2763819095477387,-0.45,-0.25,-1.7758841514587402
0.2814070351758794,-0.45,-0.25,-1.9291174411773682
0.2864321608040201,-0.45,-0.25,-2.0225727558135986
0.2914572864321608,-0.45,-0.25,-2.20005202293396
0.2964824120603015,-0.45,-0.25,-2.3206520080566406
0.30150753768844224,-0.45,-0.25,-2.4066247940063477
0.3065326633165829,-0.45,-0.25,-2.5762362480163574
0.31155778894472363,-0.45,-0.25,-2.639322280883789
0.3165829145728643,-0.45,-0.25,-2.6948981285095215
0.32160804020100503,-0.45,-0.25,-2.7964212894439697
0.32663316582914576,-0.45,-0.25,-2.9225711822509766
0.3316582914572864,-0.45,-0.25,-3.0723876953125
0.33668341708542715,-0.45,-0.25,-3.0991334915161133
0.3417085427135678,-0.45,-0.25,-3.134615659713745
0.34673366834170855,-0.45,-0.25,-3.1709556579589844
0.35175879396984927,-0.45,-0.25,-3.155616044998169
0.35678391959798994,-0.45,-0.25,-3.1424145698547363
0.36180904522613067,-0.45,-0.25,-3.2199361324310303
0.36683417085427134,-0.45,-0.25,-3.3311660289764404
0.37185929648241206,-0.45,-0.25,-3.360476016998291
0.3768844221105528,-0.45,-0.25,-3.3936057090759277
0.38190954773869346,-0.45,-0.25,-3.432410717010498
0.3869346733668342,-0.45,-0.25,-3.4367752075195312
0.3919597989949749,-0.45,-0.25,-3.4892725944519043
0.3969849246231156,-0.45,-0.25,-3.477146625518799
0.4020100502512563,-0.45,-0.25,-3.4445109367370605
0.40703517587939697,-0.45,-0.25,-3.3610551357269287
0.4120603015075377,-0.45,-0.25,-3.3562583923339844
0.4170854271356784,-0.45,-0.25,-3.3521690368652344
0.4221105527638191,-0.45,-0.25,-3.3918678760528564
0.4271356783919598,-0.45,-0.25,-3.4573936462402344
0.4321608040201005,-0.45,-0.25,-3.477369546890259
0.4371859296482412,-0.45,-0.25,-3.4120094776153564
0.44221105527638194,-0.45,-0.25,-3.434882164001465
0.4472361809045226,-0.45,-0.25,-3.4314329624176025
0.45226130653266333,-0.45,-0.25,-3.4247193336486816
0.457286432160804,-0.45,-0.25,-3.4390816688537598
0.4623115577889447,-0.45,-0.25,-3.425631523132324
0.46733668341708545,-0.45,-0.25,-3.400033950805664
0.4723618090452261,-0.45,-0.25,-3.3245890140533447
0.47738693467336685,-0.45,-0.25,-3.298902988433838
0.4824120603015075,-0.45,-0.25,-3.3258376121520996
0.48743718592964824,-0.45,-0.25,-3.293978691101074
0.49246231155778897,-0.45,-0.25,-3.2834620475769043
0.49748743718592964,-0.45,-0.25,-3.2245395183563232
0.5025125628140703,-0.45,-0.25,-3.255707025527954
0.507537688442211,-0.45,-0.25,-3.280601978302002
0.5125628140703518,-0.45,-0.25,-3.3642678260803223
0.5175879396984925,-0.45,-0.25,-3.3784079551696777
0.5226130653266332,-0.45,-0.25,-3.3736987113952637
0.5276381909547738,-0.45,-0.25,-3.3535470962524414
0.5326633165829145,-0.45,-0.25,-3.3340749740600586
0.5376884422110553,-0.45,-0.25,-3.2785232067108154
0.542713567839196,-0.45,-0.25,-3.189213991165161
0.5477386934673367,-0.45,-0.25,-3.2255699634552
0.5527638190954774,-0.45,-0.25,-3.2216556072235107
0.5577889447236181,-0.45,-0.25,-3.28598952293396
0.5628140703517588,-0.45,-0.25,-3.44291353225708
0.5678391959798995,-0.45,-0.25,-3.4561874866485596
0.5728643216080402,-0.45,-0.25,-3.4437708854675293
0.577889447236181,-0.45,-0.25,-3.45733642578125
0.5829145728643216,-0.45,-0.25,-3.350503921508789
0.5879396984924623,-0.45,-0.25,-3.3493661880493164
0.592964824120603,-0.45,-0.25,-3.370074510574341
0.5979899497487438,-0.45,-0.25,-3.278620719909668
0.6030150753768845,-0.45,-0.25,-3.275343656539917
0.6080402010050251,-0.45,-0.25,-3.2225735187530518
0.6130653266331658,-0.45,-0.25,-3.106109619140625
0.6180904522613065,-0.45,-0.25,-2.9260001182556152
0.6231155778894473,-0.45,-0.25,-2.757080316543579
0.628140703517588,-0.45,-0.25,-2.5774781703948975
0.6331658291457286,-0.45,-0.25,-2.4037482738494873
0.6381909547738693,-0.45,-0.25,-2.236696243286133
0.6432160804020101,-0.45,-0.25,-2.165092706680298
0.6482412060301508,-0.45,-0.25,-2.03092098236084
0.6532663316582915,-0.45,-0.25,-1.8517893552780151
0.6582914572864321,-0.45,-0.25,-1.7516289949417114
0.6633165829145728,-0.45,-0.25,-1.6527917385101318
0.6683417085427136,-0.45,-0.25,-1.5332732200622559
0.6733668341708543,-0.45,-0.25,-1.4043588638305664
0.678391959798995,-0.45,-0.25,-1.3510116338729858
0.6834170854271356,-0.45,-0.25,-1.2696592807769775
0.6884422110552764,-0.45,-0.25,-1.0991730690002441
0.6934673366834171,-0.45,-0.25,-0.914548397064209
0.6984924623115578,-0.45,-0.25,-0.8837409615516663
0.7035175879396985,-0.45,-0.25,-0.7768141031265259
0.7085427135678392,-0.45,-0.25,-0.6491215825080872
0.7135678391959799,-0.45,-0.25,-0.5879113674163818
0.7185929648241206,-0.45,-0.25,-0.5474651455879211
0.7236180904522613,-0.45,-0.25,-0.5304441452026367
0.7286432160804021,-0.45,-0.25,-0.4133380651473999
0.7336683417085427,-0.45,-0.25,-0.32911407947540283
0.7386934673366834,-0.45,-0.25,-0.2633837163448334
0.7437185929648241,-0.45,-0.25,-0.27601227164268494
0.7487437185929648,-0.45,-0.25,-0.2575581669807434
0.7537688442211056,-0.45,-0.25,-0.12403029203414917
0.7587939698492463,-0.45,-0.25,0.004246126860380173
0.7638190954773869,-0.45,-0.25,0.02478126809000969
0.7688442211055276,-0.45,-0.25,-0.006327841430902481
0.7738693467336684,-0.45,-0.25,0.0018621347844600677
0.7788944723618091,-0.45,-0.25,0.020674552768468857
0.7839195979899498,-0.45,-0.25,0.02754686400294304
0.7889447236180904,-0.45,-0.25,0.1232844889163971
0.7939698492462312,-0.45,-0.25,0.2792051136493683
0.7989949748743719,-0.45,-0.25,0.3227831721305847
0.8040201005025126,-0.45,-0.25,0.37341517210006714
0.8090452261306533,-0.45,-0.25,0.4244838356971741
0.8140703517587939,-0.45,-0.25,0.5066221356391907
0.8190954773869347,-0.45,-0.25,0.6123287081718445
0.8241206030150754,-0.45,-0.25,0.6614589095115662
0.8291457286432161,-0.45,-0.25,0.7366612553596497
0.8341708542713568,-0.45,-0.25,0.7417134046554565
0.8391959798994975,-0.45,-0.25,0.7959474325180054
0.8442211055276382,-0.45,-0.25,0.8471418619155884
0.8492462311557789,-0.45,-0.25,0.8091925978660583
0.8542713567839196,-0.45,-0.25,0.8001062273979187
0.8592964824120604,-0.45,-0.25,0.7711138129234314
0.864321608040201,-0.45,-0.25,0.7688378095626831
0.8693467336683417,-0.45,-0.25,0.7349167466163635
0.8743718592964824,-0.45,-0.25,0.6163716316223145
0.8793969849246231,-0.45,-0.25,0.6448145508766174
0.8844221105527639,-0.45,-0.25,0.7030979990959167
0.8894472361809045,-0.45,-0.25,0.6857234239578247
0.8944723618090452,-0.45,-0.25,0.700737476348877
0.8994974874371859,-0.45,-0.25,0.6400450468063354
0.9045226130653267,-0.45,-0.25,0.6199671030044556
0.9095477386934674,-0.45,-0.25,0.6322486400604248
0.914572864321608,-0.45,-0.25,0.6674284338951111
0.9195979899497487,-0.45,-0.25,0.6822373867034912
0.9246231155778895,-0.45,-0.25,0.6240648031234741
0.9296482412060302,-0.45,-0.25,0.5527012944221497
0.9346733668341709,-0.45,-0.25,0.5080631375312805
0.9396984924623115,-0.45,-0.25,0.3860410451889038
0.9447236180904522,-0.45,-0.25,0.27420228719711304
0.949748743718593,-0.45,-0.25,0.15637147426605225
0.9547738693467337,-0.45,-0.25,0.05806812271475792
0.9597989949748744,-0.45,-0.25,-0.07123735547065735
0.964824120603015,-0.45,-0.25,-0.17061156034469604
0.9698492462311558,-0.45,-0.25,-0.19998866319656372
0.9748743718592965,-0.45,-0.25,-0.32226794958114624
0.9798994974874372,-0.45,-0.25,-0.5080564022064209
0.9849246231155779,-0.45,-0.25,-0.6459057331085205
0.9899497487437187,-0.45,-0.25,-0.7011851072311401
0.9949748743718593,-0.45,-0.25,-0.7972961068153381
1.0,-0.45,-0.25,-0.9449287056922913
0.0,-0.15,0.35,5.732472896575928
0.005025125628140704,-0.15,0.35,0.3498533070087433
0.010050251256281407,-0.15,0.35,-2.1462905406951904
0.01507537688442211,-0.15,0.35,-3.6748247146606445
0.020100502512562814,-0.15,0.35,-4.487231731414795
0.02512562814070352,-0.15,0.35,-5.377066135406494
0.03015075376884422,-0.15,0.35,-6.440506458282471
0.035175879396984924,-0.15,0.35,-6.780619144439697
0.04020100502512563,-0.15,0.35,-6.756203651428223
0.04522613065326633,-0.15,0.35,-7.368218898773193
0.05025125628140704,-0.15,0.35,-7.812443256378174
0.05527638190954774,-0.15,0.35,-8.565142631530762
0.06030150753768844,-0.15,0.35,-8.954360008239746
0.06532663316582915,-0.15,0.35,-8.919812202453613
0.07035175879396985,-0.15,0.35,-8.742415428161621
0.07537688442211056,-0.15,0.35,-9.088480949401855
0.08040201005025126,-0.15,0.35,-9.409234046936035
0.08542713567839195,-0.15,0.35,-9.64835262298584
0.09045226130653267,-0.15,0.35,-9.71056079864502
0.09547738693467336,-0.15,0.35,-9.000468254089355
0.10050251256281408,-0.15,0.35,-8.660609245300293
0.10552763819095477,-0.15,0.35,-8.355481147766113
0.11055276381909548,-0.15,0.35,-7.82060432434082
0.11557788944723618,-0.15,0.35,-7.588483810424805
0.12060301507537688,-0.15,0.35,-7.544712066650391
0.12562814070351758,-0.15,0.35,-7.403995513916016
0.1306532663316583,-0.15,0.35,-7.255215644836426
0.135678391959799,-0.15,0.35,-6.938916206359863
0.1407035175879397,-0.15,0.35,-6.63531494140625
0.1457286432160804,-0.15,0.35,-6.508759498596191
0.15075376884422112,-0.15,0.35,-6.613411903381348
0.15577889447236182,-0.15,0.35,-6.718708038330078
0.16080402010050251,-0.15,0.35,-6.727600574493408
0.1658291457286432,-0.15,0.35,-6.527833938598633
0.1708542713567839,-0.15,0.35,-6.257129669189453
0.17587939698492464,-0.15,0.35,-6.238081455230713
0.18090452261306533,-0.15,0.35,-5.99156379699707
0.18592964824120603,-0.15,0.35,-5.748369216918945
0.19095477386934673,-0.15,0.35,-5.677158355712891
0.19597989949748745,-0.15,0.35,-5.7129974365234375
0.20100502512562815,-0.15,0.35,-5.768942832946777
0.20603015075376885,-0.15,0.35,-5.816227912902832
0.21105527638190955,-0.15,0.35,-5.729892253875732
0.21608040201005024,-0.15,0.35,-5.777864456176758
0.22110552763819097,-0.15,0.35,-5.737614631652832
0.22613065326633167,-0.15,0.35,-5.558956146240234
0.23115577889447236,-0.15,0.35,-5.480344295501709
0.23618090452261306,-0.15,0.35,-5.269518852233887
0.24120603015075376,-0.15,0.35,-5.191892623901367
0.24623115577889448,-0.15,0.35,-5.108416557312012
0.25125628140703515,-0.15,0.35,-4.963525772094727
0.2562814070351759,-0.15,0.35,-4.870804786682129
0.2613065326633166,-0.15,0.35,-4.829483985900879
0.2663316582914573,-0.15,0.35,-4.690210342407227
0.271356783919598,-0.15,0.35,-4.656512260437012
0.2763819095477387,-0.15,0.35,-4.576775550842285
0.2814070351758794,-0.15,0.35,-4.44835090637207
0.2864321608040201,-0.15,0.35,-4.11776065826416
0.2914572864321608,-0.15,0.35,-4.022932052612305
0.2964824120603015,-0.15,0.35,-3.9036097526550293
0.30150753768844224,-0.15,0.35,-3.867955207824707
0.3065326633165829,-0.15,0.35,-3.655611038208008
0.31155778894472363,-0.15,0.35,-3.344191789627075
0.3165829145728643,-0.15,0.35,-3.1267898082733154
0.32160804020100503,-0.15,0.35,-2.946655750274658
0.32663316582914576,-0.15,0.35,-2.758906841278076
0.3316582914572864,-0.15,0.35,-2.575383186340332
0.33668341708542715,-0.15,0.35,-2.400574207305908
0.3417085427135678,-0.15,0.35,-2.376960039138794
0.34673366834170855,-0.15,0.35,-2.225092887878418
0.35175879396984927,-0.15,0.35,-1.9201174974441528
0.35678391959798994,-0.15,0.35,-1.6205718517303467
0.36180904522613067,-0.15,0.35,-1.4397982358932495
0.36683417085427134,-0.15,0.35,-1.3509984016418457
0.37185929648241206,-0.15,0.35,-1.1280531883239746
0.3768844221105528,-0.15,0.35,-0.9276735782623291
0.38190954773869346,-0.15,0.35,-0.7907326221466064
0.3869346733668342,-0.15,0.35,-0.5674195885658264
0.3919597989949749,-0.15,0.35,-0.34295982122421265
0.3969849246231156,-0.15,0.35,-0.20915339887142181
0.4020100502512563,-0.15,0.35,-0.029223565012216568
0.40703517587939697,-0.15,0.35,0.15750765800476074
0.4120603015075377,-0.15,0.35,0.2717626690864563
0.4170854271356784,-0.15,0.35,0.3153682351112366
0.4221105527638191,-0.15,0.35,0.4586784243583679
0.4271356783919598,-0.15,0.35,0.5510154962539673
0.4321608040201005,-0.15,0.35,0.6063638925552368
0.4371859296482412,-0.15,0.35,0.6289907097816467
0.44221105527638194,-0.15,0.35,0.7033987045288086
0.4472361809045226,-0.15,0.35,0.7635188698768616
0.45226130653266333,-0.15,0.35,0.9221819639205933
0.457286432160804,-0.15,0.35,1.0083215236663818
0.4623115577889447,-0.15,0.35,1.042771816253662
0.46733668341708545,-0.15,0.35,0.9919042587280273
0.4723618090452261,-0.15,0.35,1.0113484859466553
0.47738693467336685,-0.15,0.35,1.010961890220642
0.4824120603015075,-0.15,0.35,1.022151231765747
0.48743718592964824,-0.15,0.35,1.0015475749969482
0.49246231155778897,-0.15,0.35,0.9353424310684204
0.49748743718592964,-0.15,0.35,0.8256338834762573
0.5025125628140703,-0.15,0.35,0.7505113482475281
0.507537688442211,-0.15,0.35,0.6734959483146667
0.5125628140703518,-0.15,0.35,0.567112922668457
0.5175879396984925,-0.15,0.35,0.44357091188430786
0.5226130653266332,-0.15,0.35,0.32000699639320374
0.5276381909547738,-0.15,0.35,0.18878480792045593
0.5326633165829145,-0.15,0.35,0.05380746349692345
0.5376884422110553,-0.15,0.35,-0.04303905740380287
0.542713567839196,-0.15,0.35,-0.15867045521736145
0.5477386934673367,-0.15,0.35,-0.20991849899291992
0.5527638190954774,-0.15,0.35,-0.3997386693954468
0.5577889447236181,-0.15,0.35,-0.6087214946746826
0.5628140703517588,-0.15,0.35,-0.7300773859024048
0.5678391959798995,-0.15,0.35,-0.719707727432251
0.5728643216080402,-0.15,0.35,-0.7983741760253906
0.577889447236181,-0.15,0.35,-0.8803174495697021
0.5829145728643216,-0.15,0.35,-0.7908070087432861
0.5879396984924623,-0.15,0.35,-0.8362890481948853
0.592964824120603,-0.15,0.35,-0.9288606643676758
0.5979899497487438,-0.15,0.35,-1.0002362728118896
0.6030150753768845,-0.15,0.35,-1.0066025257110596
0.6080402010050251,-0.15,0.35,-1.0049748420715332
0.6130653266331658,-0.15,0.35,-1.083761215209961
0.6180904522613065,-0.15,0.35,-1.0830862522125244
0.6231155778894473,-0.15,0.35,-0.9526395797729492
0.628140703517588,-0.15,0.35,-0.992455244064331
0.6331658291457286,-0.15,0.35,-0.9856452941894531
0.6381909547738693,-0.15,0.35,-1.077615737915039
0.6432160804020101,-0.15,0.35,-1.201488971710205
0.6482412060301508,-0.15,0.35,-1.312822937965393
0.6532663316582915,-0.15,0.35,-1.3397668600082397
0.6582914572864321,-0.15,0.35,-1.2557387351989746
0.6633165829145728,-0.15,0.35,-1.213364839553833
0.6683417085427136,-0.15,0.35,-1.2467472553253174
0.6733668341708543,-0.15,0.35,-1.2225806713104248
0.678391959798995,-0.15,0.35,-1.2246010303497314
0.6834170854271356,-0.15,0.35,-1.1813780069351196
0.6884422110552764,-0.15,0.35,-1.173203706741333
0.6934673366834171,-0.15,0.35,-1.1159120798110962
0.6984924623115578,-0.15,0.35,-1.0438134670257568
0.7035175879396985,-0.15,0.35,-0.9651349782943726
0.7085427135678392,-0.15,0.35,-0.9044760465621948
0.7135678391959799,-0.15,0.35,-0.9183533787727356
0.7185929648241206,-0.15,0.35,-0.8730863332748413
0.7236180904522613,-0.15,0.35,-0.8714116811752319
0.7286432160804021,-0.15,0.35,-0.8524266481399536
0.7336683417085427,-0.15,0.35,-0.9465304017066956
0.7386934673366834,-0.15,0.35,-1.0033420324325562
0.7437185929648241,-0.15,0.35,-1.0995534658432007
0.7487437185929648,-0.15,0.35,-1.1298861503601074
0.7537688442211056,-0.15,0.35,-1.2197304964065552
0.7587939698492463,-0.15,0.35,-1.301306128501892
0.7638190954773869,-0.15,0.35,-1.492791771888733
0.7688442211055276,-0.15,0.35,-1.728044033050537
0.7738693467336684,-0.15,0.35,-1.792551040649414
0.7788944723618091,-0.15,0.35,-1.882219910621643
0.7839195979899498,-0.15,0.35,-1.874957799911499
0.7889447236180904,-0.15,0.35,-1.8733370304107666
0.7939698492462312,-0.15,0.35,-2.0345940589904785
0.7989949748743719,-0.15,0.35,-2.114013195037842
0.8040201005025126,-0.15,0.35,-2.172741413116455
0.8090452261306533,-0.15,0.35,-2.1861748695373535
0.8140703517587939,-0.15,0.35,-2.323529005050659
0.8190954773869347,-0.15,0.35,-2.45058274269104
0.8241206030150754,-0.15,0.35,-2.4785385131835938
0.8291457286432161,-0.15,0.35,-2.5856759548187256
0.8341708542713568,-0.15,0.35,-2.5371532440185547
0.8391959798994975,-0.15,0.35,-2.584740161895752
0.8442211055276382,-0.15,0.35,-2.61488676071167
0.8492462311557789,-0.15,0.35,-2.620439052581787
0.8542713567839196,-0.15,0.35,-2.7063140869140625
0.8592964824120604,-0.15,0.35,-2.602673053741455
0.864321608040201,-0.15,0.35,-2.6024556159973145
0.8693467336683417,-0.15,0.35,-2.597984790802002
0.8743718592964824,-0.15,0.35,-2.5537495613098145
0.8793969849246231,-0.15,0.35,-2.4849870204925537
0.8844221105527639,-0.15,0.35,-2.4028828144073486
0.8894472361809045,-0.15,0.35,-2.2994399070739746
0.8944723618090452,-0.15,0.35,-2.2600855827331543
0.8994974874371859,-0.15,0.35,-2.218527317047119
0.9045226130653267,-0.15,0.35,-2.1582388877868652
0.9095477386934674,-0.15,0.35,-2.06009578704834
0.914572864321608,-0.15,0.35,-1.9777278900146484
0.9195979899497487,-0.15,0.35,-1.8478361368179321
0.9246231155778895,-0.15,0.35,-1.8050786256790161
0.9296482412060302,-0.15,0.35,-1.714402198791504
0.9346733668341709,-0.15,0.35,-1.5379083156585693
0.9396984924623115,-0.15,0.35,-1.4690778255462646
0.9447236180904522,-0.15,0.35,-1.404762864112854
0.949748743718593,-0.15,0.35,-1.3536137342453003
0.9547738693467337,-0.15,0.35,-1.313267707824707
0.9597989949748744,-0.15,0.35,-1.3244906663894653
0.964824120603015,-0.15,0.35,-1.2620339393615723
0.9698492462311558,-0.15,0.35,-1.2042171955108643
0.9748743718592965,-0.15,0.35,-1.1689414978027344
0.9798994974874372,-0.15,0.35,-1.1304843425750732
0.9849246231155779,-0.15,0.35,-1.1400450468063354
0.9899497487437187,-0.15,0.35,-1.157789945602417
0.9949748743718593,-0.15,0.35,-1.1933362483978271
1.0,-0.15,0.35,-1.1431074142456055
0.0,-0.05,-0.45,-11.429511070251465
0.005025125628140704,-0.05,-0.45,-10.071670532226562
0.010050251256281407,-0.05,-0.45,-9.768415451049805
0.01507537688442211,-0.05,-0.45,-9.690498352050781
0.020100502512562814,-0.05,-0.45,-9.67186164855957
0.02512562814070352,-0.05,-0.45,-9.577827453613281
0.03015075376884422,-0.05,-0.45,-9.406792640686035
0.035175879396984924,-0.05,-0.45,-9.441390037536621
0.04020100502512563,-0.05,-0.45,-9.536210060119629
0.04522613065326633,-0.05,-0.45,-9.671116828918457
0.05025125628140704,-0.05,-0.45,-10.080992698669434
0.05527638190954774,-0.05,-0.45,-10.13967227935791
0.06030150753768844,-0.05,-0.45,-9.992348670959473
0.06532663316582915,-0.05,-0.45,-9.773016929626465
0.07035175879396985,-0.05,-0.45,-9.193892478942871
0.07537688442211056,-0.05,-0.45,-8.407090187072754
0.08040201005025126,-0.05,-0.45,-7.647673606872559
0.08542713567839195,-0.05,-0.45,-7.131507873535156
0.09045226130653267,-0.05,-0.45,-6.575221538543701
0.09547738693467336,-0.05,-0.45,-6.253719329833984
0.10050251256281408,-0.05,-0.45,-5.918641090393066
0.10552763819095477,-0.05,-0.45,-5.489025115966797
0.11055276381909548,-0.05,-0.45,-5.159828186035156
0.11557788944723618,-0.05,-0.45,-4.858970642089844
0.12060301507537688,-0.05,-0.45,-4.727685928344727
0.12562814070351758,-0.05,-0.45,-4.489810466766357
0.1306532663316583,-0.05,-0.45,-4.378223419189453
0.135678391959799,-0.05,-0.45,-4.2502312660217285
0.1407035175879397,-0.05,-0.45,-4.025661468505859
0.1457286432160804,-0.05,-0.45,-3.9668474197387695
0.15075376884422112,-0.05,-0.45,-3.93766450881958
0.15577889447236182,-0.05,-0.45,-3.681138277053833
0.16080402010050251,-0.05,-0.45,-3.42639422416687
0.1658291457286432,-0.05,-0.45,-3.224311351776123
0.1708542713567839,-0.05,-0.45,-2.9477920532226562
0.17587939698492464,-0.05,-0.45,-2.74959397315979
0.18090452261306533,-0.05,-0.45,-2.7698919773101807
0.18592964824120603,-0.05,-0.45,-2.664231777191162
0.19095477386934673,-0.05,-0.45,-2.5275118350982666
0.19597989949748745,-0.05,-0.45,-2.0209579467773438
0.20100502512562815,-0.05,-0.45,-1.5453197956085205
0.20603015075376885,-0.05,-0.45,-1.7413321733474731
0.21105527638190955,-0.05,-0.45,-1.510706901550293
0.21608040201005024,-0.05,-0.45,-1.357384204864502
0.22110552763819097,-0.05,-0.45,-1.1875442266464233
0.22613065326633167,-0.05,-0.45,-0.9333176016807556
0.23115577889447236,-0.05,-0.45,-0.738895058631897
0.23618090452261306,-0.05,-0.45,-0.5627402067184448
0.24120603015075376,-0.05,-0.45,-0.5047076344490051
0.24623115577889448,-0.05,-0.45,-0.3316388726234436
0.25125628140703515,-0.05,-0.45,-0.1293388158082962
0.2562814070351759,-0.05,-0.45,-0.02715570107102394
0.2613065326633166,-0.05,-0.45,0.20517224073410034
0.2663316582914573,-0.05,-0.45,0.5233995914459229
0.271356783919598,-0.05,-0.45,0.7326027154922485
0.2763819095477387,-0.05,-0.45,0.8272336721420288
0.2814070351758794,-0.05,-0.45,0.9374732971191406
0.2864321608040201,-0.05,-0.45,1.160298228263855
0.2914572864321608,-0.05,-0.45,1.2992522716522217
0.2964824120603015,-0.05,-0.45,1.4544494152069092
0.30150753768844224,-0.05,-0.45,1.5154228210449219
0.3065326633165829,-0.05,-0.45,1.5541154146194458
0.31155778894472363,-0.05,-0.45,1.5872657299041748
0.3165829145728643,-0.05,-0.45,1.4742717742919922
0.32160804020100503,-0.05,-0.45,1.449074387550354
0.32663316582914576,-0.05,-0.45,1.4651203155517578
0.3316582914572864,-0.05,-0.45,1.4866621494293213
0.33668341708542715,-0.05,-0.45,1.4615881443023682
0.3417085427135678,-0.05,-0.45,1.4057495594024658
0.34673366834170855,-0.05,-0.45,1.327301263809204
0.35175879396984927,-0.05,-0.45,1.2660953998565674
0.35678391959798994,-0.05,-0.45,1.293752670288086
0.36180904522613067,-0.05,-0.45,1.3393861055374146
0.36683417085427134,-0.05,-0.45,1.3531311750411987
0.37185929648241206,-0.05,-0.45,1.3671356439590454
0.3768844221105528,-0.05,-0.45,1.2934739589691162
0.38190954773869346,-0.05,-0.45,1.3085342645645142
0.3869346733668342,-0.05,-0.45,1.2965861558914185
0.3919597989949749,-0.05,-0.45,1.2411397695541382
0.3969849246231156,-0.05,-0.45,1.210736870765686
0.4020100502512563,-0.05,-0.45,1.102866530418396
0.40703517587939697,-0.05,-0.45,1.0269689559936523
0.4120603015075377,-0.05,-0.45,0.976524829864502
0.4170854271356784,-0.05,-0.45,0.9091474413871765
0.4221105527638191,-0.05,-0.45,0.8584060668945312
0.4271356783919598,-0.05,-0.45,0.7292360067367554
0.4321608040201005,-0.05,-0.45,0.66702800989151
0.4371859296482412,-0.05,-0.45,0.5810564160346985
0.44221105527638194,-0.05,-0.45,0.5524170994758606
0.4472361809045226,-0.05,-0.45,0.46885401010513306
0.45226130653266333,-0.05,-0.45,0.28683969378471375
0.457286432160804,-0.05,-0.45,0.04446157440543175
0.4623115577889447,-0.05,-0.45,-0.08532623946666718
0.46733668341708545,-0.05,-0.45,-0.2627161741256714
0.4723618090452261,-0.05,-0.45,-0.47155171632766724
0.47738693467336685,-0.05,-0.45,-0.6518829464912415
0.4824120603015075,-0.05,-0.45,-0.8124009370803833
0.48743718592964824,-0.05,-0.45,-1.0035593509674072
0.49246231155778897,-0.05,-0.45,-1.224360704421997
0.49748743718592964,-0.05,-0.45,-1.3058562278747559
0.5025125628140703,-0.05,-0.45,-1.562504768371582
0.507537688442211,-0.05,-0.45,-1.6923959255218506
0.5125628140703518,-0.05,-0.45,-1.771725058555603
0.5175879396984925,-0.05,-0.45,-1.9146716594696045
0.5226130653266332,-0.05,-0.45,-1.9747071266174316
0.5276381909547738,-0.05,-0.45,-2.004812717437744
0.5326633165829145,-0.05,-0.45,-1.9955685138702393
0.5376884422110553,-0.05,-0.45,-1.9876842498779297
0.542713567839196,-0.05,-0.45,-2.139993906021118
0.5477386934673367,-0.05,-0.45,-2.223987102508545
0.5527638190954774,-0.05,-0.45,-2.230592727661133
0.5577889447236181,-0.05,-0.45,-2.2213408946990967
0.5628140703517588,-0.05,-0.45,-2.2474050521850586
0.5678391959798995,-0.05,-0.45,-2.2724363803863525
0.5728643216080402,-0.05,-0.45,-2.261018753051758
0.577889447236181,-0.05,-0.45,-2.2795729637145996
0.5829145728643216,-0.05,-0.45,-2.332930088043213
0.5879396984924623,-0.05,-0.45,-2.3876800537109375
0.592964824120603,-0.05,-0.45,-2.5251760482788086
0.5979899497487438,-0.05,-0.45,-2.539585590362549
0.6030150753768845,-0.05,-0.45,-2.5384485721588135
0.6080402010050251,-0.05,-0.45,-2.587254524230957
0.6130653266331658,-0.05,-0.45,-2.622671127319336
0.6180904522613065,-0.05,-0.45,-2.5321128368377686
0.6231155778894473,-0.05,-0.45,-2.469432830810547
0.628140703517588,-0.05,-0.45,-2.4939680099487305
0.6331658291457286,-0.05,-0.45,-2.536013126373291
0.6381909547738693,-0.05,-0.45,-2.569201946258545
0.6432160804020101,-0.05,-0.45,-2.687004804611206
0.6482412060301508,-0.05,-0.45,-2.7212963104248047
0.6532663316582915,-0.05,-0.45,-2.77610182762146
0.6582914572864321,-0.05,-0.45,-2.7944822311401367
0.6633165829145728,-0.05,-0.45,-2.820833206176758
0.6683417085427136,-0.05,-0.45,-2.8599326610565186
0.6733668341708543,-0.05,-0.45,-2.908987283706665
0.678391959798995,-0.05,-0.45,-2.8915042877197266
0.6834170854271356,-0.05,-0.45,-2.9130210876464844
0.6884422110552764,-0.05,-0.45,-2.802596092224121
0.6934673366834171,-0.05,-0.45,-2.729109287261963
0.6984924623115578,-0.05,-0.45,-2.788757801055908
0.7035175879396985,-0.05,-0.45,-2.791480541229248
0.7085427135678392,-0.05,-0.45,-2.7720680236816406
0.7135678391959799,-0.05,-0.45,-2.7623934745788574
0.7185929648241206,-0.05,-0.45,-2.7843611240386963
0.7236180904522613,-0.05,-0.45,-2.7576539516448975
0.7286432160804021,-0.05,-0.45,-2.678652286529541
0.7336683417085427,-0.05,-0.45,-2.647552013397217
0.7386934673366834,-0.05,-0.45,-2.718625068664551
0.7437185929648241,-0.05,-0.45,-2.6780989170074463
0.7487437185929648,-0.05,-0.45,-2.805610418319702
0.7537688442211056,-0.05,-0.45,-2.8076584339141846
0.7587939698492463,-0.05,-0.45,-2.769839286804199
0.7638190954773869,-0.05,-0.45,-2.7316534519195557
0.7688442211055276,-0.05,-0.45,-2.7261581420898438
0.7738693467336684,-0.05,-0.45,-2.719536066055298
0.7788944723618091,-0.05,-0.45,-2.512333393096924
0.7839195979899498,-0.05,-0.45,-2.452547550201416
0.7889447236180904,-0.05,-0.45,-2.3590009212493896
0.7939698492462312,-0.05,-0.45,-2.290642023086548
0.7989949748743719,-0.05,-0.45,-2.211547613143921
0.8040201005025126,-0.05,-0.45,-2.109260082244873
0.8090452261306533,-0.05,-0.45,-2.0455355644226074
0.8140703517587939,-0.05,-0.45,-1.9212169647216797
0.8190954773869347,-0.05,-0.45,-1.7961984872817993
0.8241206030150754,-0.05,-0.45,-1.7655816078186035
0.8291457286432161,-0.05,-0.45,-1.7123558521270752
0.8341708542713568,-0.05,-0.45,-1.5943212509155273
0.8391959798994975,-0.05,-0.45,-1.4637948274612427
0.8442211055276382,-0.05,-0.45,-1.3008227348327637
0.8492462311557789,-0.05,-0.45,-1.2549700736999512
0.8542713567839196,-0.05,-0.45,-1.1220588684082031
0.8592964824120604,-0.05,-0.45,-1.001843810081482
0.864321608040201,-0.05,-0.45,-0.9613214731216431
0.8693467336683417,-0.05,-0.45,-0.8963927030563354
0.8743718592964824,-0.05,-0.45,-0.7947120070457458
0.8793969849246231,-0.05,-0.45,-0.7732838988304138
0.8844221105527639,-0.05,-0.45,-0.7445940971374512
0.8894472361809045,-0.05,-0.45,-0.6775909662246704
0.8944723618090452,-0.05,-0.45,-0.6229537725448608
0.8994974874371859,-0.05,-0.45,-0.5858323574066162
0.9045226130653267,-0.05,-0.45,-0.5415116548538208
0.9095477386934674,-0.05,-0.45,-0.5685728192329407
0.914572864321608,-0.05,-0.45,-0.5801364183425903
0.9195979899497487,-0.05,-0.45,-0.5716763734817505
0.9246231155778895,-0.05,-0.45,-0.6790199279785156
0.9296482412060302,-0.05,-0.45,-0.7559773921966553
0.9346733668341709,-0.05,-0.45,-0.7342284321784973
0.9396984924623115,-0.05,-0.45,-0.7114266157150269
0.9447236180904522,-0.05,-0.45,-0.7413729429244995
0.949748743718593,-0.05,-0.45,-0.7807775139808655
0.9547738693467337,-0.05,-0.45,-0.7750186920166016
0.9597989949748744,-0.05,-0.45,-0.8404322862625122
0.964824120603015,-0.05,-0.45,-0.9042367935180664
0.9698492462311558,-0.05,-0.45,-0.9802170991897583
0.9748743718592965,-0.05,-0.45,-0.9576544761657715
0.9798994974874372,-0.05,-0.45,-0.9407371282577515
0.9849246231155779,-0.05,-0.45,-0.9658129215240479
0.9899497487437187,-0.05,-0.45,-1.0019605159759521
0.9949748743718593,-0.05,-0.45,-0.963975191116333
1.0,-0.05,-0.45,-1.0438209772109985
0.0,0.15,0.45,3.497810125350952
0.005025125628140704,0.15,0.45,2.565134048461914
0.010050251256281407,0.15,0.45,2.4915425777435303
0.01507537688442211,0.15,0.45,2.2260842323303223
0.020100502512562814,0.15,0.45,1.5101325511932373
0.02512562814070352,0.15,0.45,0.8760156631469727
0.03015075376884422,0.15,0.45,0.2322378158569336
0.035175879396984924,0.15,0.45,-0.19031381607055664
0.04020100502512563,0.15,0.45,-0.5444831848144531
0.04522613065326633,0.15,0.45,-0.8775029182434082
0.05025125628140704,0.15,0.45,-1.0009452104568481
0.05527638190954774,0.15,0.45,-1.0742552280426025
0.06030150753768844,0.15,0.45,-1.1730594635009766
0.06532663316582915,0.15,0.45,-1.272592306137085
0.07035175879396985,0.15,0.45,-1.5766023397445679
0.07537688442211056,0.15,0.45,-1.861221432685852
0.08040201005025126,0.15,0.45,-1.930262804031372
0.08542713567839195,0.15,0.45,-2.1076102256774902
0.09045226130653267,0.15,0.45,-2.3782570362091064
0.09547738693467336,0.15,0.45,-2.633091449737549
0.10050251256281408,0.15,0.45,-2.826538324356079
0.10552763819095477,0.15,0.45,-2.9189951419830322
0.11055276381909548,0.15,0.45,-2.955206871032715
0.11557788944723618,0.15,0.45,-3.2705469131469727
0.12060301507537688,0.15,0.45,-3.5823166370391846
0.12562814070351758,0.15,0.45,-3.789140224456787
0.1306532663316583,0.15,0.45,-3.9408185482025146
0.135678391959799,0.15,0.45,-3.82590389251709
0.1407035175879397,0.15,0.45,-3.9171605110168457
0.1457286432160804,0.15,0.45,-4.066463470458984
0.15075376884422112,0.15,0.45,-4.060945987701416
0.15577889447236182,0.15,0.45,-3.915128231048584
0.16080402010050251,0.15,0.45,-3.8200273513793945
0.1658291457286432,0.15,0.45,-3.8058242797851562
0.1708542713567839,0.15,0.45,-3.7821879386901855
0.17587939698492464,0.15,0.45,-3.596925735473633
0.18090452261306533,0.15,0.45,-3.4857888221740723
0.18592964824120603,0.15,0.45,-3.314115047454834
0.19095477386934673,0.15,0.45,-3.109189033508301
0.19597989949748745,0.15,0.45,-2.895092487335205
0.20100502512562815,0.15,0.45,-2.7225375175476074
0.20603015075376885,0.15,0.45,-2.5490808486938477
0.21105527638190955,0.15,0.45,-2.5288007259368896
0.21608040201005024,0.15,0.45,-2.4206130504608154
0.22110552763819097,0.15,0.45,-2.208669424057007
0.22613065326633167,0.15,0.45,-2.0840020179748535
0.23115577889447236,0.15,0.45,-2.0228047370910645
0.23618090452261306,0.15,0.45,-1.896348237991333
0.24120603015075376,0.15,0.45,-1.5246139764785767
0.24623115577889448,0.15,0.45,-1.3592443466186523
0.25125628140703515,0.15,0.45,-1.197583794593811
0.2562814070351759,0.15,0.45,-1.0707285404205322
0.2613065326633166,0.15,0.45,-0.8826857805252075
0.2663316582914573,0.15,0.45,-0.8056970834732056
0.271356783919598,0.15,0.45,-0.8562690019607544
0.2763819095477387,0.15,0.45,-0.7124025225639343
0.2814070351758794,0.15,0.45,-0.6814915537834167
0.2864321608040201,0.15,0.45,-0.5960633754730225
0.2914572864321608,0.15,0.45,-0.6182507276535034
0.2964824120603015,0.15,0.45,-0.650511622428894
0.30150753768844224,0.15,0.45,-0.6532328724861145
0.3065326633165829,0.15,0.45,-0.6519702672958374
0.31155778894472363,0.15,0.45,-0.5956637263298035
0.3165829145728643,0.15,0.45,-0.4138146638870239
0.32160804020100503,0.15,0.45,-0.3289199769496918
0.32663316582914576,0.15,0.45,-0.2777860462665558
0.3316582914572864,0.15,0.45,-0.09884704649448395
0.33668341708542715,0.15,0.45,0.030268531292676926
0.3417085427135678,0.15,0.45,-0.019785050302743912
0.34673366834170855,0.15,0.45,-0.014273915439844131
0.35175879396984927,0.15,0.45,0.017308827489614487
0.35678391959798994,0.15,0.45,-0.0056180693209171295
0.36180904522613067,0.15,0.45,-0.06613650918006897
0.36683417085427134,0.15,0.45,-0.062475983053445816
0.37185929648241206,0.15,0.45,-0.03083774819970131
0.3768844221105528,0.15,0.45,-0.05176607146859169
0.38190954773869346,0.15,0.45,-0.01611599698662758
0.3869346733668342,0.15,0.45,-0.003682706505060196
0.3919597989949749,0.15,0.45,0.0068095289170742035
0.3969849246231156,0.15,0.45,0.023354407399892807
0.4020100502512563,0.15,0.45,0.04734962806105614
0.40703517587939697,0.15,0.45,0.008893247693777084
0.4120603015075377,0.15,0.45,-0.05127410963177681
0.4170854271356784,0.15,0.45,-0.05911353603005409
0.4221105527638191,0.15,0.45,-0.11055879294872284
0.4271356783919598,0.15,0.45,-0.1755525916814804
0.4321608040201005,0.15,0.45,-0.13253000378608704
0.4371859296482412,0.15,0.45,-0.1750015914440155
0.44221105527638194,0.15,0.45,-0.24717485904693604
0.4472361809045226,0.15,0.45,-0.26193633675575256
0.45226130653266333,0.15,0.45,-0.35699379444122314
0.457286432160804,0.15,0.45,-0.46193957328796387
0.4623115577889447,0.15,0.45,-0.6283796429634094
0.46733668341708545,0.15,0.45,-0.7889482378959656
0.4723618090452261,0.15,0.45,-0.9464619159698486
0.47738693467336685,0.15,0.45,-1.0973339080810547
0.4824120603015075,0.15,0.45,-1.244638204574585
0.48743718592964824,0.15,0.45,-1.417313814163208
0.49246231155778897,0.15,0.45,-1.4879703521728516
0.49748743718592964,0.15,0.45,-1.4429484605789185
0.5025125628140703,0.15,0.45,-1.490363359451294
0.507537688442211,0.15,0.45,-1.4819374084472656
0.5125628140703518,0.15,0.45,-1.52112877368927
0.5175879396984925,0.15,0.45,-1.5911955833435059
0.5226130653266332,0.15,0.45,-1.7513577938079834
0.5276381909547738,0.15,0.45,-1.844405174255371
0.5326633165829145,0.15,0.45,-1.8644832372665405
0.5376884422110553,0.15,0.45,-1.9377377033233643
0.542713567839196,0.15,0.45,-2.000944137573242
0.5477386934673367,0.15,0.45,-1.9462604522705078
0.5527638190954774,0.15,0.45,-1.9354209899902344
0.5577889447236181,0.15,0.45,-1.9402837753295898
0.5628140703517588,0.15,0.45,-1.96307373046875
0.5678391959798995,0.15,0.45,-2.0041568279266357
0.5728643216080402,0.15,0.45,-2.0083045959472656
0.577889447236181,0.15,0.45,-2.1163783073425293
0.5829145728643216,0.15,0.45,-2.113867998123169
0.5879396984924623,0.15,0.45,-2.122039794921875
0.592964824120603,0.15,0.45,-2.0909271240234375
0.5979899497487438,0.15,0.45,-2.0748510360717773
0.6030150753768845,0.15,0.45,-2.0599353313446045
0.6080402010050251,0.15,0.45,-1.9993512630462646
0.6130653266331658,0.15,0.45,-1.9269914627075195
0.6180904522613065,0.15,0.45,-1.9328289031982422
0.6231155778894473,0.15,0.45,-1.935042142868042
0.628140703517588,0.15,0.45,-1.9707682132720947
0.6331658291457286,0.15,0.45,-1.9040288925170898
0.6381909547738693,0.15,0.45,-1.9753265380859375
0.6432160804020101,0.15,0.45,-2.0506017208099365
0.6482412060301508,0.15,0.45,-2.084792375564575
0.6532663316582915,0.15,0.45,-2.0662498474121094
0.6582914572864321,0.15,0.45,-2.073704242706299
0.6633165829145728,0.15,0.45,-2.1938815116882324
0.6683417085427136,0.15,0.45,-2.1935665607452393
0.6733668341708543,0.15,0.45,-2.2883238792419434
0.678391959798995,0.15,0.45,-2.380533218383789
0.6834170854271356,0.15,0.45,-2.4007363319396973
0.6884422110552764,0.15,0.45,-2.420973062515259
0.6934673366834171,0.15,0.45,-2.5947823524475098
0.6984924623115578,0.15,0.45,-2.6007742881774902
0.7035175879396985,0.15,0.45,-2.6676249504089355
0.7085427135678392,0.15,0.45,-2.6484830379486084
0.7135678391959799,0.15,0.45,-2.742802619934082
0.7185929648241206,0.15,0.45,-2.7129266262054443
0.7236180904522613,0.15,0.45,-2.8728814125061035
0.7286432160804021,0.15,0.45,-2.9139175415039062
0.7336683417085427,0.15,0.45,-2.829152822494507
0.7386934673366834,0.15,0.45,-2.8698618412017822
0.7437185929648241,0.15,0.45,-2.9057841300964355
0.7487437185929648,0.15,0.45,-2.9830679893493652
0.7537688442211056,0.15,0.45,-2.8944478034973145
0.7587939698492463,0.15,0.45,-2.87697172164917
0.7638190954773869,0.15,0.45,-2.8422436714172363
0.7688442211055276,0.15,0.45,-2.8512251377105713
0.7738693467336684,0.15,0.45,-2.895911455154419
0.7788944723618091,0.15,0.45,-2.937204122543335
0.7839195979899498,0.15,0.45,-2.859950065612793
0.7889447236180904,0.15,0.45,-2.8058547973632812
0.7939698492462312,0.15,0.45,-2.744229793548584
0.7989949748743719,0.15,0.45,-2.6964242458343506
0.8040201005025126,0.15,0.45,-2.618712902069092
0.8090452261306533,0.15,0.45,-2.478914499282837
0.8140703517587939,0.15,0.45,-2.4158895015716553
0.8190954773869347,0.15,0.45,-2.333885669708252
0.8241206030150754,0.15,0.45,-2.2675766944885254
0.8291457286432161,0.15,0.45,-2.1782171726226807
0.8341708542713568,0.15,0.45,-2.0602755546569824
0.8391959798994975,0.15,0.45,-1.9612579345703125
0.8442211055276382,0.15,0.45,-1.884613037109375
0.8492462311557789,0.15,0.45,-1.7853926420211792
0.8542713567839196,0.15,0.45,-1.6082525253295898
0.8592964824120604,0.15,0.45,-1.4832870960235596
0.864321608040201,0.15,0.45,-1.4501240253448486
0.8693467336683417,0.15,0.45,-1.3787407875061035
0.8743718592964824,0.15,0.45,-1.3203399181365967
0.8793969849246231,0.15,0.45,-1.2591681480407715
0.8844221105527639,0.15,0.45,-1.1841883659362793
0.8894472361809045,0.15,0.45,-1.1200230121612549
0.8944723618090452,0.15,0.45,-1.0762591361999512
0.8994974874371859,0.15,0.45,-1.0506176948547363
0.9045226130653267,0.15,0.45,-1.0384317636489868
0.9095477386934674,0.15,0.45,-0.9807010889053345
0.914572864321608,0.15,0.45,-0.9562491774559021
0.9195979899497487,0.15,0.45,-0.9123750329017639
0.9246231155778895,0.15,0.45,-0.8695818185806274
0.9296482412060302,0.15,0.45,-0.852912187576294
0.9346733668341709,0.15,0.45,-0.8286615610122681
0.9396984924623115,0.15,0.45,-0.794793426990509
0.9447236180904522,0.15,0.45,-0.6885825395584106
0.949748743718593,0.15,0.45,-0.6359660029411316
0.9547738693467337,0.15,0.45,-0.6387048363685608
0.9597989949748744,0.15,0.45,-0.6667612195014954
0.964824120603015,0.15,0.45,-0.6709280014038086
0.9698492462311558,0.15,0.45,-0.6791358590126038
0.9748743718592965,0.15,0.45,-0.6713464856147766
0.9798994974874372,0.15,0.45,-0.6747307181358337
0.9849246231155779,0.15,0.45,-0.6345457434654236
0.9899497487437187,0.15,0.45,-0.6051211357116699
0.9949748743718593,0.15,0.45,-0.5979880094528198
1.0,0.15,0.45,-0.5650806427001953
0.0,0.05,0.15,1.188755989074707
0.005025125628140704,0.05,0.15,1.7480864524841309
0.010050251256281407,0.05,0.15,1.576268196105957
0.01507537688442211,0.05,0.15,1.5018309354782104
0.020100502512562814,0.05,0.15,1.411893367767334
0.02512562814070352,0.05,0.15,1.9110167026519775
0.03015075376884422,0.05,0.15,2.3026866912841797
0.035175879396984924,0.05,0.15,2.494781255722046
0.04020100502512563,0.05,0.15,2.679961919784546
0.04522613065326633,0.05,0.15,2.7308297157287598
0.05025125628140704,0.05,0.15,2.3418288230895996
0.05527638190954774,0.05,0.15,2.051182746887207
0.06030150753768844,0.05,0.15,1.9696309566497803
0.06532663316582915,0.05,0.15,1.977258324623108
0.07035175879396985,0.05,0.15,2.1950786113739014
0.07537688442211056,0.05,0.15,2.4146218299865723
0.08040201005025126,0.05,0.15,2.7133560180664062
0.08542713567839195,0.05,0.15,2.6035964488983154
0.09045226130653267,0.05,0.15,2.4068431854248047
0.09547738693467336,0.05,0.15,2.3831627368927
0.10050251256281408,0.05,0.15,2.3986711502075195
0.10552763819095477,0.05,0.15,2.3184051513671875
0.11055276381909548,0.05,0.15,2.171265125274658
0.11557788944723618,0.05,0.15,2.063255548477173
0.12060301507537688,0.05,0.15,1.9479295015335083
0.12562814070351758,0.05,0.15,1.6247906684875488
0.1306532663316583,0.05,0.15,1.3071227073669434
0.135678391959799,0.05,0.15,0.8798772692680359
0.1407035175879397,0.05,0.15,0.5384422540664673
0.1457286432160804,0.05,0.15,0.2431880235671997
0.15075376884422112,0.05,0.15,-0.0662686824798584
0.15577889447236182,0.05,0.15,-0.1804710030555725
0.16080402010050251,0.05,0.15,-0.22805523872375488
0.1658291457286432,0.05,0.15,-0.3113119602203369
0.1708542713567839,0.05,0.15,-0.33334511518478394
0.17587939698492464,0.05,0.15,-0.3521777391433716
0.18090452261306533,0.05,0.15,-0.5244017839431763
0.18592964824120603,0.05,0.15,-0.8067986965179443
0.19095477386934673,0.05,0.15,-0.9914151430130005
0.19597989949748745,0.05,0.15,-0.9640117883682251
0.20100502512562815,0.05,0.15,-1.0738831758499146
0.20603015075376885,0.05,0.15,-1.1988877058029175
0.21105527638190955,0.05,0.15,-1.2017192840576172
0.21608040201005024,0.05,0.15,-1.141749620437622
0.22110552763819097,0.05,0.15,-1.151087999343872
0.22613065326633167,0.05,0.15,-1.2063068151474
0.23115577889447236,0.05,0.15,-1.146946907043457
0.23618090452261306,0.05,0.15,-1.213947057723999
0.24120603015075376,0.05,0.15,-1.3194217681884766
0.24623115577889448,0.05,0.15,-1.3961392641067505
0.25125628140703515,0.05,0.15,-1.6596958637237549
0.2562814070351759,0.05,0.15,-1.9369251728057861
0.2613065326633166,0.05,0.15,-2.285921812057495
0.2663316582914573,0.05,0.15,-2.5644288063049316
0.271356783919598,0.05,0.15,-2.7689144611358643
0.2763819095477387,0.05,0.15,-2.796806573867798
0.2814070351758794,0.05,0.15,-3.0681796073913574
0.2864321608040201,0.05,0.15,-3.320732593536377
0.2914572864321608,0.05,0.15,-3.3700203895568848
0.2964824120603015,0.05,0.15,-3.564974784851074
0.30150753768844224,0.05,0.15,-3.726954698562622
0.3065326633165829,0.05,0.15,-3.910604476928711
0.31155778894472363,0.05,0.15,-4.031519889831543
0.3165829145728643,0.05,0.15,-4.136740207672119
0.32160804020100503,0.05,0.15,-4.15779447555542
0.32663316582914576,0.05,0.15,-4.207067489624023
0.3316582914572864,0.05,0.15,-4.209792137145996
0.33668341708542715,0.05,0.15,-4.267178058624268
0.3417085427135678,0.05,0.15,-4.181210994720459
0.34673366834170855,0.05,0.15,-4.166435241699219
0.35175879396984927,0.05,0.15,-4.127405166625977
0.35678391959798994,0.05,0.15,-4.119250297546387
0.36180904522613067,0.05,0.15,-4.083828449249268
0.36683417085427134,0.05,0.15,-3.9992904663085938
0.37185929648241206,0.05,0.15,-3.816377639770508
0.3768844221105528,0.05,0.15,-3.7192442417144775
0.38190954773869346,0.05,0.15,-3.7157883644104004
0.3869346733668342,0.05,0.15,-3.743734836578369
0.3919597989949749,0.05,0.15,-3.658449172973633
0.3969849246231156,0.05,0.15,-3.64262056350708
0.4020100502512563,0.05,0.15,-3.435932159423828
0.40703517587939697,0.05,0.15,-3.343496561050415
0.4120603015075377,0.05,0.15,-3.4104301929473877
0.4170854271356784,0.05,0.15,-3.331235647201538
0.4221105527638191,0.05,0.15,-3.1673731803894043
0.4271356783919598,0.05,0.15,-3.0403144359588623
0.4321608040201005,0.05,0.15,-3.0654778480529785
0.4371859296482412,0.05,0.15,-3.0658841133117676
0.44221105527638194,0.05,0.15,-3.0247395038604736
0.4472361809045226,0.05,0.15,-2.918147325515747
0.45226130653266333,0.05,0.15,-2.717113971710205
0.457286432160804,0.05,0.15,-2.6719512939453125
0.4623115577889447,0.05,0.15,-2.538691520690918
0.46733668341708545,0.05,0.15,-2.5120303630828857
0.4723618090452261,0.05,0.15,-2.448922634124756
0.47738693467336685,0.05,0.15,-2.3225796222686768
0.4824120603015075,0.05,0.15,-2.249793529510498
0.48743718592964824,0.05,0.15,-2.148061513900757
0.49246231155778897,0.05,0.15,-2.1553711891174316
0.49748743718592964,0.05,0.15,-2.2200963497161865
0.5025125628140703,0.05,0.15,-2.1876962184906006
0.507537688442211,0.05,0.15,-2.1058731079101562
0.5125628140703518,0.05,0.15,-2.0485780239105225
0.5175879396984925,0.05,0.15,-1.9895529747009277
0.5226130653266332,0.05,0.15,-1.919816017150879
0.5276381909547738,0.05,0.15,-1.847941517829895
0.5326633165829145,0.05,0.15,-1.8201063871383667
0.5376884422110553,0.05,0.15,-1.7246772050857544
0.542713567839196,0.05,0.15,-1.627235770225525
0.5477386934673367,0.05,0.15,-1.5697591304779053
0.5527638190954774,0.05,0.15,-1.5655945539474487
0.5577889447236181,0.05,0.15,-1.550173044204712
0.5628140703517588,0.05,0.15,-1.5696120262145996
0.5678391959798995,0.05,0.15,-1.5135986804962158
0.5728643216080402,0.05,0.15,-1.4297959804534912
0.577889447236181,0.05,0.15,-1.3908888101577759
0.5829145728643216,0.05,0.15,-1.4576351642608643
0.5879396984924623,0.05,0.15,-1.3746826648712158
0.592964824120603,0.05,0.15,-1.2747024297714233
0.5979899497487438,0.05,0.15,-1.1592094898223877
0.6030150753768845,0.05,0.15,-1.0805882215499878
0.6080402010050251,0.05,0.15,-0.999171257019043
0.6130653266331658,0.05,0.15,-0.9379168748855591
0.6180904522613065,0.05,0.15,-0.8379851579666138
0.6231155778894473,0.05,0.15,-0.7753514051437378
0.628140703517588,0.05,0.15,-0.7831863760948181
0.6331658291457286,0.05,0.15,-0.7362313270568848
0.6381909547738693,0.05,0.15,-0.6762242913246155
0.6432160804020101,0.05,0.15,-0.5486893653869629
0.6482412060301508,0.05,0.15,-0.3004990518093109
0.6532663316582915,0.05,0.15,-0.19234329462051392
0.6582914572864321,0.05,0.15,-0.1330842524766922
0.6633165829145728,0.05,0.15,-0.12621992826461792
0.6683417085427136,0.05,0.15,-0.05940074101090431
0.6733668341708543,0.05,0.15,-0.10728044807910919
0.678391959798995,0.05,0.15,-0.14149868488311768
0.6834170854271356,0.05,0.15,-0.07392632961273193
0.6884422110552764,0.05,0.15,0.03803568705916405
0.6934673366834171,0.05,0.15,0.08699727058410645
0.6984924623115578,0.05,0.15,0.22786405682563782
0.7035175879396985,0.05,0.15,0.18380360305309296
0.7085427135678392,0.05,0.15,0.06231464073061943
0.7135678391959799,0.05,0.15,-0.00650671124458313
0.7185929648241206,0.05,0.15,-0.022089853882789612
0.7236180904522613,0.05,0.15,-0.16125324368476868
0.7286432160804021,0.05,0.15,-0.26322829723358154
0.7336683417085427,0.05,0.15,-0.3479408025741577
0.7386934673366834,0.05,0.15,-0.3163115382194519
0.7437185929648241,0.05,0.15,-0.40257591009140015
0.7487437185929648,0.05,0.15,-0.4389120936393738
0.7537688442211056,0.05,0.15,-0.585152804851532
0.7587939698492463,0.05,0.15,-0.800536572933197
0.7638190954773869,0.05,0.15,-1.1100072860717773
0.7688442211055276,0.05,0.15,-1.179155707359314
0.7738693467336684,0.05,0.15,-1.2865948677062988
0.7788944723618091,0.05,0.15,-1.4465234279632568
0.7839195979899498,0.05,0.15,-1.5203235149383545
0.7889447236180904,0.05,0.15,-1.6082931756973267
0.7939698492462312,0.05,0.15,-1.8171025514602661
0.7989949748743719,0.05,0.15,-1.9805152416229248
0.8040201005025126,0.05,0.15,-2.2186660766601562
0.8090452261306533,0.05,0.15,-2.278972625732422
0.8140703517587939,0.05,0.15,-2.374506950378418
0.8190954773869347,0.05,0.15,-2.4783148765563965
0.8241206030150754,0.05,0.15,-2.5447139739990234
0.8291457286432161,0.05,0.15,-2.621630907058716
0.8341708542713568,0.05,0.15,-2.689929723739624
0.8391959798994975,0.05,0.15,-2.664116144180298
0.8442211055276382,0.05,0.15,-2.6752467155456543
0.8492462311557789,0.05,0.15,-2.7411701679229736
0.8542713567839196,0.05,0.15,-2.7826576232910156
0.8592964824120604,0.05,0.15,-2.817986249923706
0.864321608040201,0.05,0.15,-2.9431328773498535
0.8693467336683417,0.05,0.15,-2.9678328037261963
0.8743718592964824,0.05,0.15,-3.0230493545532227
0.8793969849246231,0.05,0.15,-2.9906835556030273
0.8844221105527639,0.05,0.15,-2.992469072341919
0.8894472361809045,0.05,0.15,-2.9875566959381104
0.8944723618090452,0.05,0.15,-2.929180383682251
0.8994974874371859,0.05,0.15,-2.890289783477783
0.9045226130653267,0.05,0.15,-2.8607494831085205
0.9095477386934674,0.05,0.15,-2.7661550045013428
0.914572864321608,0.05,0.15,-2.7048232555389404
0.9195979899497487,0.05,0.15,-2.587420701980591
0.9246231155778895,0.05,0.15,-2.4651103019714355
0.9296482412060302,0.05,0.15,-2.3792030811309814
0.9346733668341709,0.05,0.15,-2.3923559188842773
0.9396984924623115,0.05,0.15,-2.3960072994232178
0.9447236180904522,0.05,0.15,-2.315413475036621
0.949748743718593,0.05,0.15,-2.2459657192230225
0.9547738693467337,0.05,0.15,-2.228983163833618
0.9597989949748744,0.05,0.15,-2.220759391784668
0.964824120603015,0.05,0.15,-2.192335367202759
0.9698492462311558,0.05,0.15,-2.105530023574829
0.9748743718592965,0.05,0.15,-2.0613815784454346
0.9798994974874372,0.05,0.15,-2.0241098403930664
0.9849246231155779,0.05,0.15,-1.9831533432006836
0.9899497487437187,0.05,0.15,-1.980729103088379
0.9949748743718593,0.05,0.15,-1.957040786743164
1.0,0.05,0.15,-1.9757955074310303
0.0,-0.35,0.05,11.413801193237305
0.005025125628140704,-0.35,0.05,9.832172393798828
0.010050251256281407,-0.35,0.05,10.216339111328125
0.01507537688442211,-0.35,0.05,10.612125396728516
0.020100502512562814,-0.35,0.05,10.449592590332031
0.02512562814070352,-0.35,0.05,9.711077690124512
0.03015075376884422,-0.35,0.05,9.033123970031738
0.035175879396984924,-0.35,0.05,8.688299179077148
0.04020100502512563,-0.35,0.05,8.432734489440918
0.04522613065326633,-0.35,0.05,7.631103992462158
0.05025125628140704,-0.35,0.05,6.939314842224121
0.05527638190954774,-0.35,0.05,6.334563732147217
0.06030150753768844,-0.35,0.05,6.009705543518066
0.06532663316582915,-0.35,0.05,5.625973701477051
0.07035175879396985,-0.35,0.05,5.004276752471924
0.07537688442211056,-0.35,0.05,4.488303184509277
0.08040201005025126,-0.35,0.05,4.09860897064209
0.08542713567839195,-0.35,0.05,3.715054988861084
0.09045226130653267,-0.35,0.05,3.201348304748535
0.09547738693467336,-0.35,0.05,2.4719314575195312
0.10050251256281408,-0.35,0.05,2.1104609966278076
0.10552763819095477,-0.35,0.05,1.7445529699325562
0.11055276381909548,-0.35,0.05,1.309878945350647
0.11557788944723618,-0.35,0.05,1.2000116109848022
0.12060301507537688,-0.35,0.05,1.063626766204834
0.12562814070351758,-0.35,0.05,0.42583441734313965
0.1306532663316583,-0.35,0.05,-0.21555060148239136
0.135678391959799,-0.35,0.05,-0.8286421298980713
0.1407035175879397,-0.35,0.05,-1.477165937423706
0.1457286432160804,-0.35,0.05,-2.2030680179595947
0.15075376884422112,-0.35,0.05,-2.813720226287842
0.15577889447236182,-0.35,0.05,-3.088679552078247
0.16080402010050251,-0.35,0.05,-3.3309054374694824
0.1658291457286432,-0.35,0.05,-3.6761441230773926
0.1708542713567839,-0.35,0.05,-4.1304402351379395
0.17587939698492464,-0.35,0.05,-4.613759994506836
0.18090452261306533,-0.35,0.05,-5.123858451843262
0.18592964824120603,-0.35,0.05,-5.48920202255249
0.19095477386934673,-0.35,0.05,-5.656341552734375
0.19597989949748745,-0.35,0.05,-5.716424942016602
0.20100502512562815,-0.35,0.05,-5.906973838806152
0.20603015075376885,-0.35,0.05,-6.073667049407959
0.21105527638190955,-0.35,0.05,-6.352846145629883
0.21608040201005024,-0.35,0.05,-6.630471229553223
0.22110552763819097,-0.35,0.05,-6.812472343444824
0.22613065326633167,-0.35,0.05,-6.879049301147461
0.23115577889447236,-0.35,0.05,-6.909706115722656
0.23618090452261306,-0.35,0.05,-7.061606407165527
0.24120603015075376,-0.35,0.05,-7.215508460998535
0.24623115577889448,-0.35,0.05,-7.2258806228637695
0.25125628140703515,-0.35,0.05,-7.263606071472168
0.2562814070351759,-0.35,0.05,-7.3448333740234375
0.2613065326633166,-0.35,0.05,-7.326724529266357
0.2663316582914573,-0.35,0.05,-7.289837837219238
0.271356783919598,-0.35,0.05,-7.138333320617676
0.2763819095477387,-0.35,0.05,-7.048826694488525
0.2814070351758794,-0.35,0.05,-6.952618598937988
0.2864321608040201,-0.35,0.05,-6.912854194641113
0.2914572864321608,-0.35,0.05,-7.044586658477783
0.2964824120603015,-0.35,0.05,-7.083329200744629
0.30150753768844224,-0.35,0.05,-7.00363826751709
0.3065326633165829,-0.35,0.05,-6.7745819091796875
0.31155778894472363,-0.35,0.05,-6.453695297241211
0.3165829145728643,-0.35,0.05,-6.427645683288574
0.32160804020100503,-0.35,0.05,-6.455449104309082
0.32663316582914576,-0.35,0.05,-6.447630882263184
0.3316582914572864,-0.35,0.05,-6.440792083740234
0.33668341708542715,-0.35,0.05,-6.335427284240723
0.3417085427135678,-0.35,0.05,-6.206517219543457
0.34673366834170855,-0.35,0.05,-6.067251682281494
0.35175879396984927,-0.35,0.05,-6.043489456176758
0.35678391959798994,-0.35,0.05,-6.148085594177246
0.36180904522613067,-0.35,0.05,-6.094855785369873
0.36683417085427134,-0.35,0.05,-5.950137138366699
0.37185929648241206,-0.35,0.05,-5.782034873962402
0.3768844221105528,-0.35,0.05,-5.672130584716797
0.38190954773869346,-0.35,0.05,-5.5557403564453125
0.3869346733668342,-0.35,0.05,-5.407632827758789
0.3919597989949749,-0.35,0.05,-5.272005081176758
0.3969849246231156,-0.35,0.05,-5.128597259521484
0.4020100502512563,-0.35,0.05,-5.049276828765869
0.40703517587939697,-0.35,0.05,-4.978600978851318
0.4120603015075377,-0.35,0.05,-4.851099967956543
0.4170854271356784,-0.35,0.05,-4.655055046081543
0.4221105527638191,-0.35,0.05,-4.566388130187988
0.4271356783919598,-0.35,0.05,-4.543304443359375
0.4321608040201005,-0.35,0.05,-4.526150703430176
0.4371859296482412,-0.35,0.05,-4.360169887542725
0.44221105527638194,-0.35,0.05,-4.168723106384277
0.4472361809045226,-0.35,0.05,-4.083357334136963
0.45226130653266333,-0.35,0.05,-4.0616912841796875
0.457286432160804,-0.35,0.05,-4.03217887878418
0.4623115577889447,-0.35,0.05,-3.9653072357177734
0.46733668341708545,-0.35,0.05,-3.7934505939483643
0.4723618090452261,-0.35,0.05,-3.675095558166504
0.47738693467336685,-0.35,0.05,-3.5537972450256348
0.4824120603015075,-0.35,0.05,-3.281113624572754
0.48743718592964824,-0.35,0.05,-3.0547051429748535
0.49246231155778897,-0.35,0.05,-2.9759602546691895
0.49748743718592964,-0.35,0.05,-2.833073139190674
0.5025125628140703,-0.35,0.05,-2.6410975456237793
0.507537688442211,-0.35,0.05,-2.5550103187561035
0.5125628140703518,-0.35,0.05,-2.299039125442505
0.5175879396984925,-0.35,0.05,-2.0691661834716797
0.5226130653266332,-0.35,0.05,-1.9078772068023682
0.5276381909547738,-0.35,0.05,-1.686044692993164
0.5326633165829145,-0.35,0.05,-1.4542062282562256
0.5376884422110553,-0.35,0.05,-1.2866663932800293
0.542713567839196,-0.35,0.05,-1.2024943828582764
0.5477386934673367,-0.35,0.05,-0.99869704246521
0.5527638190954774,-0.35,0.05,-0.8311814069747925
0.5577889447236181,-0.35,0.05,-0.6853351593017578
0.5628140703517588,-0.35,0.05,-0.45480358600616455
0.5678391959798995,-0.35,0.05,-0.3227081298828125
0.5728643216080402,-0.35,0.05,-0.18828222155570984
0.577889447236181,-0.35,0.05,-0.013262812048196793
0.5829145728643216,-0.35,0.05,0.09263467788696289
0.5879396984924623,-0.35,0.05,0.22289329767227173
0.592964824120603,-0.35,0.05,0.39008769392967224
0.5979899497487438,-0.35,0.05,0.40111467242240906
0.6030150753768845,-0.35,0.05,0.4394635558128357
0.6080402010050251,-0.35,0.05,0.4690222442150116
0.6130653266331658,-0.35,0.05,0.5419510006904602
0.6180904522613065,-0.35,0.05,0.6078478097915649
0.6231155778894473,-0.35,0.05,0.6640769243240356
0.628140703517588,-0.35,0.05,0.7283427119255066
0.6331658291457286,-0.35,0.05,0.7977516055107117
0.6381909547738693,-0.35,0.05,0.8585466146469116
0.6432160804020101,-0.35,0.05,0.8391619920730591
0.6482412060301508,-0.35,0.05,0.9051920771598816
0.6532663316582915,-0.35,0.05,0.9532918930053711
0.6582914572864321,-0.35,0.05,0.9367998838424683
0.6633165829145728,-0.35,0.05,0.8658434748649597
0.6683417085427136,-0.35,0.05,0.9410457015037537
0.6733668341708543,-0.35,0.05,0.9377301335334778
0.678391959798995,-0.35,0.05,0.8784526586532593
0.6834170854271356,-0.35,0.05,0.8197489976882935
0.6884422110552764,-0.35,0.05,0.7936422824859619
0.6934673366834171,-0.35,0.05,0.7278854846954346
0.6984924623115578,-0.35,0.05,0.6372238993644714
0.7035175879396985,-0.35,0.05,0.5782383680343628
0.7085427135678392,-0.35,0.05,0.5562988519668579
0.7135678391959799,-0.35,0.05,0.5291209816932678
0.7185929648241206,-0.35,0.05,0.528326153755188
0.7236180904522613,-0.35,0.05,0.4376128911972046
0.7286432160804021,-0.35,0.05,0.358176589012146
0.7336683417085427,-0.35,0.05,0.24099627137184143
0.7386934673366834,-0.35,0.05,0.16238057613372803
0.7437185929648241,-0.35,0.05,0.19859488308429718
0.7487437185929648,-0.35,0.05,0.3350076675415039
0.7537688442211056,-0.35,0.05,0.4537196159362793
0.7587939698492463,-0.35,0.05,0.4635317027568817
0.7638190954773869,-0.35,0.05,0.52553790807724
0.7688442211055276,-0.35,0.05,0.5231369137763977
0.7738693467336684,-0.35,0.05,0.5194937586784363
0.7788944723618091,-0.35,0.05,0.5952761173248291
0.7839195979899498,-0.35,0.05,0.6711478233337402
0.7889447236180904,-0.35,0.05,0.7834827899932861
0.7939698492462312,-0.35,0.05,0.8400068283081055
0.7989949748743719,-0.35,0.05,0.8317128419876099
0.8040201005025126,-0.35,0.05,0.8526558876037598
0.8090452261306533,-0.35,0.05,0.8196874856948853
0.8140703517587939,-0.35,0.05,0.7710389494895935
0.8190954773869347,-0.35,0.05,0.8024647235870361
0.8241206030150754,-0.35,0.05,0.7499487996101379
0.8291457286432161,-0.35,0.05,0.6748664975166321
0.8341708542713568,-0.35,0.05,0.6169810891151428
0.8391959798994975,-0.35,0.05,0.5854939222335815
0.8442211055276382,-0.35,0.05,0.5954887270927429
0.8492462311557789,-0.35,0.05,0.45843833684921265
0.8542713567839196,-0.35,0.05,0.35448047518730164
0.8592964824120604,-0.35,0.05,0.25537344813346863
0.864321608040201,-0.35,0.05,0.046840470284223557
0.8693467336683417,-0.35,0.05,-0.08087338507175446
0.8743718592964824,-0.35,0.05,-0.2079407125711441
0.8793969849246231,-0.35,0.05,-0.35990065336227417
0.8844221105527639,-0.35,0.05,-0.3569898307323456
0.8894472361809045,-0.35,0.05,-0.39280933141708374
0.8944723618090452,-0.35,0.05,-0.47143447399139404
0.8994974874371859,-0.35,0.05,-0.5250406265258789
0.9045226130653267,-0.35,0.05,-0.5984530448913574
0.9095477386934674,-0.35,0.05,-0.8075105547904968
0.914572864321608,-0.35,0.05,-0.8712620139122009
0.9195979899497487,-0.35,0.05,-0.9288573265075684
0.9246231155778895,-0.35,0.05,-1.0403437614440918
0.9296482412060302,-0.35,0.05,-1.1163989305496216
0.9346733668341709,-0.35,0.05,-1.229994297027588
0.9396984924623115,-0.35,0.05,-1.2086971998214722
0.9447236180904522,-0.35,0.05,-1.3259503841400146
0.949748743718593,-0.35,0.05,-1.5110688209533691
0.9547738693467337,-0.35,0.05,-1.7170517444610596
0.9597989949748744,-0.35,0.05,-1.7394704818725586
0.964824120603015,-0.35,0.05,-1.8086848258972168
0.9698492462311558,-0.35,0.05,-1.8056308031082153
0.9748743718592965,-0.35,0.05,-1.809340000152588
0.9798994974874372,-0.35,0.05,-1.8389997482299805
0.9849246231155779,-0.35,0.05,-1.902740716934204
0.9899497487437187,-0.35,0.05,-1.951230764389038
0.9949748743718593,-0.35,0.05,-2.0183887481689453
1.0,-0.35,0.05,-2.094005584716797
0.0,0.35,-0.05,2.0915393829345703
0.005025125628140704,0.35,-0.05,4.705373764038086
0.010050251256281407,0.35,-0.05,5.834405899047852
0.01507537688442211,0.35,-0.05,7.0051727294921875
0.020100502512562814,0.35,-0.05,8.128003120422363
0.02512562814070352,0.35,-0.05,9.155503273010254
0.03015075376884422,0.35,-0.05,9.922146797180176
0.035175879396984924,0.35,-0.05,10.168309211730957
0.04020100502512563,0.35,-0.05,9.947785377502441
0.04522613065326633,0.35,-0.05,10.00035572052002
0.05025125628140704,0.35,-0.05,10.578896522521973
0.05527638190954774,0.35,-0.05,11.449416160583496
0.06030150753768844,0.35,-0.05,12.030008316040039
0.06532663316582915,0.35,-0.05,12.379070281982422
0.07035175879396985,0.35,-0.05,12.239042282104492
0.07537688442211056,0.35,-0.05,11.595093727111816
0.08040201005025126,0.35,-0.05,10.924546241760254
0.08542713567839195,0.35,-0.05,10.723127365112305
0.09045226130653267,0.35,-0.05,10.61815357208252
0.09547738693467336,0.35,-0.05,10.07941722869873
0.10050251256281408,0.35,-0.05,9.557218551635742
0.10552763819095477,0.35,-0.05,9.351094245910645
0.11055276381909548,0.35,-0.05,9.074711799621582
0.11557788944723618,0.35,-0.05,8.806278228759766
0.12060301507537688,0.35,-0.05,8.702366828918457
0.12562814070351758,0.35,-0.05,8.551392555236816
0.1306532663316583,0.35,-0.05,8.49715805053711
0.135678391959799,0.35,-0.05,8.1245756149292
0.1407035175879397,0.35,-0.05,7.920903205871582
0.1457286432160804,0.35,-0.05,8.069767951965332
0.15075376884422112,0.35,-0.05,8.050300598144531
0.15577889447236182,0.35,-0.05,7.848366737365723
0.16080402010050251,0.35,-0.05,7.7181596755981445
0.1658291457286432,0.35,-0.05,7.235170364379883
0.1708542713567839,0.35,-0.05,6.808976173400879
0.17587939698492464,0.35,-0.05,6.46826171875
0.18090452261306533,0.35,-0.05,6.183282375335693
0.18592964824120603,0.35,-0.05,5.789401054382324
0.19095477386934673,0.35,-0.05,5.1898980140686035
0.19597989949748745,0.35,-0.05,4.7163519859313965
0.20100502512562815,0.35,-0.05,4.358189105987549
0.20603015075376885,0.35,-0.05,4.084273338317871
0.21105527638190955,0.35,-0.05,3.4312055110931396
0.21608040201005024,0.35,-0.05,2.889554738998413
0.22110552763819097,0.35,-0.05,2.2794322967529297
0.22613065326633167,0.35,-0.05,1.7319730520248413
0.23115577889447236,0.35,-0.05,1.1994132995605469
0.23618090452261306,0.35,-0.05,0.8426834344863892
0.24120603015075376,0.35,-0.05,0.4855276048183441
0.24623115577889448,0.35,-0.05,-0.006871376186609268
0.25125628140703515,0.35,-0.05,-0.30758699774742126
0.2562814070351759,0.35,-0.05,-0.7875729203224182
0.2613065326633166,0.35,-0.05,-1.2227247953414917
0.2663316582914573,0.35,-0.05,-1.5130778551101685
0.271356783919598,0.35,-0.05,-2.1153154373168945
0.2763819095477387,0.35,-0.05,-2.7502923011779785
0.2814070351758794,0.35,-0.05,-3.19779634475708
0.2864321608040201,0.35,-0.05,-3.3743176460266113
0.2914572864321608,0.35,-0.05,-3.658883571624756
0.2964824120603015,0.35,-0.05,-4.0202460289001465
0.30150753768844224,0.35,-0.05,-4.365569114685059
0.3065326633165829,0.35,-0.05,-4.500800132751465
0.31155778894472363,0.35,-0.05,-4.669403553009033
0.3165829145728643,0.35,-0.05,-4.869536876678467
0.32160804020100503,0.35,-0.05,-4.808086395263672
0.32663316582914576,0.35,-0.05,-4.975679397583008
0.3316582914572864,0.35,-0.05,-5.183838367462158
0.33668341708542715,0.35,-0.05,-5.439826965332031
0.3417085427135678,0.35,-0.05,-5.722620964050293
0.34673366834170855,0.35,-0.05,-5.778925895690918
0.35175879396984927,0.35,-0.05,-5.976451396942139
0.35678391959798994,0.35,-0.05,-6.1569085121154785
0.36180904522613067,0.35,-0.05,-6.238522052764893
0.36683417085427134,0.35,-0.05,-6.440127372741699
0.37185929648241206,0.35,-0.05,-6.4814453125
0.3768844221105528,0.35,-0.05,-6.447295188903809
0.38190954773869346,0.35,-0.05,-6.513174057006836
0.3869346733668342,0.35,-0.05,-6.574325084686279
0.3919597989949749,0.35,-0.05,-6.568840980529785
0.3969849246231156,0.35,-0.05,-6.603946685791016
0.4020100502512563,0.35,-0.05,-6.564705848693848
0.40703517587939697,0.35,-0.05,-6.618985652923584
0.4120603015075377,0.35,-0.05,-6.70086145401001
0.4170854271356784,0.35,-0.05,-6.684416770935059
0.4221105527638191,0.35,-0.05,-6.589321613311768
0.4271356783919598,0.35,-0.05,-6.470400810241699
0.4321608040201005,0.35,-0.05,-6.365365028381348
0.4371859296482412,0.35,-0.05,-6.319699287414551
0.44221105527638194,0.35,-0.05,-6.286173343658447
0.4472361809045226,0.35,-0.05,-6.310719966888428
0.45226130653266333,0.35,-0.05,-6.326149940490723
0.457286432160804,0.35,-0.05,-6.277034759521484
0.4623115577889447,0.35,-0.05,-6.19782829284668
0.46733668341708545,0.35,-0.05,-6.1427202224731445
0.4723618090452261,0.35,-0.05,-6.049311637878418
0.47738693467336685,0.35,-0.05,-5.908970832824707
0.4824120603015075,0.35,-0.05,-5.783653259277344
0.48743718592964824,0.35,-0.05,-5.70224666595459
0.49246231155778897,0.35,-0.05,-5.556840896606445
0.49748743718592964,0.35,-0.05,-5.447134017944336
0.5025125628140703,0.35,-0.05,-5.318775177001953
0.507537688442211,0.35,-0.05,-5.219919681549072
0.5125628140703518,0.35,-0.05,-5.0122504234313965
0.5175879396984925,0.35,-0.05,-4.807919979095459
0.5226130653266332,0.35,-0.05,-4.707496643066406
0.5276381909547738,0.35,-0.05,-4.535511016845703
0.5326633165829145,0.35,-0.05,-4.3426713943481445
0.5376884422110553,0.35,-0.05,-4.1641950607299805
0.542713567839196,0.35,-0.05,-4.013799667358398
0.5477386934673367,0.35,-0.05,-3.8169543743133545
0.5527638190954774,0.35,-0.05,-3.6049041748046875
0.5577889447236181,0.35,-0.05,-3.496952772140503
0.5628140703517588,0.35,-0.05,-3.374849796295166
0.5678391959798995,0.35,-0.05,-3.2530202865600586
0.5728643216080402,0.35,-0.05,-3.1482253074645996
0.577889447236181,0.35,-0.05,-2.9608840942382812
0.5829145728643216,0.35,-0.05,-2.761141538619995
0.5879396984924623,0.35,-0.05,-2.5779800415039062
0.592964824120603,0.35,-0.05,-2.4207205772399902
0.5979899497487438,0.35,-0.05,-2.2507574558258057
0.6030150753768845,0.35,-0.05,-2.08109974861145
0.6080402010050251,0.35,-0.05,-1.8744540214538574
0.6130653266331658,0.35,-0.05,-1.7099930047988892
0.6180904522613065,0.35,-0.05,-1.5933647155761719
0.6231155778894473,0.35,-0.05,-1.5054168701171875
0.628140703517588,0.35,-0.05,-1.3255832195281982
0.6331658291457286,0.35,-0.05,-1.168228268623352
0.6381909547738693,0.35,-0.05,-0.982694149017334
0.6432160804020101,0.35,-0.05,-0.8285568952560425
0.6482412060301508,0.35,-0.05,-0.7348777651786804
0.6532663316582915,0.35,-0.05,-0.6085193157196045
0.6582914572864321,0.35,-0.05,-0.4505617618560791
0.6633165829145728,0.35,-0.05,-0.2997230291366577
0.6683417085427136,0.35,-0.05,-0.1451699435710907
0.6733668341708543,0.35,-0.05,0.028432372957468033
0.678391959798995,0.35,-0.05,0.17133952677249908
0.6834170854271356,0.35,-0.05,0.26786285638809204
0.6884422110552764,0.35,-0.05,0.3923361301422119
0.6934673366834171,0.35,-0.05,0.45741742849349976
0.6984924623115578,0.35,-0.05,0.512368381023407
0.7035175879396985,0.35,-0.05,0.5916566848754883
0.7085427135678392,0.35,-0.05,0.6526569128036499
0.7135678391959799,0.35,-0.05,0.6992895007133484
0.7185929648241206,0.35,-0.05,0.7807661294937134
0.7236180904522613,0.35,-0.05,0.8304373025894165
0.7286432160804021,0.35,-0.05,0.8278446197509766
0.7336683417085427,0.35,-0.05,0.7997967004776001
0.7386934673366834,0.35,-0.05,0.8149306774139404
0.7437185929648241,0.35,-0.05,0.8155229091644287
0.7487437185929648,0.35,-0.05,0.7896504998207092
0.7537688442211056,0.35,-0.05,0.7828940153121948
0.7587939698492463,0.35,-0.05,0.6917984485626221
0.7638190954773869,0.35,-0.05,0.5898451805114746
0.7688442211055276,0.35,-0.05,0.429020494222641
0.7738693467336684,0.35,-0.05,0.40212923288345337
0.7788944723618091,0.35,-0.05,0.3112984299659729
0.7839195979899498,0.35,-0.05,0.24160772562026978
0.7889447236180904,0.35,-0.05,0.1967613399028778
0.7939698492462312,0.35,-0.05,0.12801867723464966
0.7989949748743719,0.35,-0.05,0.02319377288222313
0.8040201005025126,0.35,-0.05,-0.08445762097835541
0.8090452261306533,0.35,-0.05,-0.07550773024559021
0.8140703517587939,0.35,-0.05,-0.11304272711277008
0.8190954773869347,0.35,-0.05,-0.12851645052433014
0.8241206030150754,0.35,-0.05,-0.17833596467971802
0.8291457286432161,0.35,-0.05,-0.19452935457229614
0.8341708542713568,0.35,-0.05,-0.2727391719818115
0.8391959798994975,0.35,-0.05,-0.2498857080936432
0.8442211055276382,0.35,-0.05,-0.20001286268234253
0.8492462311557789,0.35,-0.05,-0.1996561884880066
0.8542713567839196,0.35,-0.05,-0.1950005739927292
0.8592964824120604,0.35,-0.05,-0.22761231660842896
0.864321608040201,0.35,-0.05,-0.2317761778831482
0.8693467336683417,0.35,-0.05,-0.18876993656158447
0.8743718592964824,0.35,-0.05,-0.12797555327415466
0.8793969849246231,0.35,-0.05,-0.08715969324111938
0.8844221105527639,0.35,-0.05,-0.10633379220962524
0.8894472361809045,0.35,-0.05,-0.08631707727909088
0.8944723618090452,0.35,-0.05,-0.08472608029842377
0.8994974874371859,0.35,-0.05,-0.09259754419326782
0.9045226130653267,0.35,-0.05,-0.019934721291065216
0.9095477386934674,0.35,-0.05,-0.008776366710662842
0.914572864321608,0.35,-0.05,-0.023977741599082947
0.9195979899497487,0.35,-0.05,-0.05237645283341408
0.9246231155778895,0.35,-0.05,-0.08390192687511444
0.9296482412060302,0.35,-0.05,-0.02029610425233841
0.9346733668341709,0.35,-0.05,-0.07438240945339203
0.9396984924623115,0.35,-0.05,-0.1392417550086975
0.9447236180904522,0.35,-0.05,-0.2290186882019043
0.949748743718593,0.35,-0.05,-0.21576792001724243
0.9547738693467337,0.35,-0.05,-0.23826640844345093
0.9597989949748744,0.35,-0.05,-0.17370852828025818
0.964824120603015,0.35,-0.05,-0.18578128516674042
0.9698492462311558,0.35,-0.05,-0.20843546092510223
0.9748743718592965,0.35,-0.05,-0.2851136028766632
0.9798994974874372,0.35,-0.05,-0.3896512985229492
0.9849246231155779,0.35,-0.05,-0.44489535689353943
0.9899497487437187,0.35,-0.05,-0.5124121308326721
0.9949748743718593,0.35,-0.05,-0.5888773202896118
1.0,0.35,-0.05,-0.6473193764686584
0.0,-0.25,-0.15,-11.794510841369629
0.005025125628140704,-0.25,-0.15,-9.25121784210205
0.010050251256281407,-0.25,-0.15,-8.391822814941406
0.01507537688442211,-0.25,-0.15,-7.767858505249023
0.020100502512562814,-0.25,-0.15,-7.068661212921143
0.02512562814070352,-0.25,-0.15,-6.685291290283203
0.03015075376884422,-0.25,-0.15,-6.578680992126465
0.035175879396984924,-0.25,-0.15,-5.469085693359375
0.04020100502512563,-0.25,-0.15,-5.160695552825928
0.04522613065326633,-0.25,-0.15,-4.808438777923584
0.05025125628140704,-0.25,-0.15,-3.92875075340271
0.05527638190954774,-0.25,-0.15,-3.4590961933135986
0.06030150753768844,-0.25,-0.15,-3.407231092453003
0.06532663316582915,-0.25,-0.15,-3.352092742919922
0.07035175879396985,-0.25,-0.15,-2.710683822631836
0.07537688442211056,-0.25,-0.15,-2.3454794883728027
0.08040201005025126,-0.25,-0.15,-2.199061393737793
0.08542713567839195,-0.25,-0.15,-2.6819629669189453
0.09045226130653267,-0.25,-0.15,-3.168497085571289
0.09547738693467336,-0.25,-0.15,-3.4200549125671387
0.10050251256281408,-0.25,-0.15,-3.4290359020233154
0.10552763819095477,-0.25,-0.15,-3.4663147926330566
0.11055276381909548,-0.25,-0.15,-3.5313518047332764
0.11557788944723618,-0.25,-0.15,-3.289156913757324
0.12060301507537688,-0.25,-0.15,-3.0057897567749023
0.12562814070351758,-0.25,-0.15,-2.535482406616211
0.1306532663316583,-0.25,-0.15,-2.362928867340088
0.135678391959799,-0.25,-0.15,-2.5580801963806152
0.1407035175879397,-0.25,-0.15,-2.500222682952881
0.1457286432160804,-0.25,-0.15,-2.2457540035247803
0.15075376884422112,-0.25,-0.15,-1.8777639865875244
0.15577889447236182,-0.25,-0.15,-1.6639893054962158
0.16080402010050251,-0.25,-0.15,-1.5533682107925415
0.1658291457286432,-0.25,-0.15,-1.5911235809326172
0.1708542713567839,-0.25,-0.15,-1.5422848463058472
0.17587939698492464,-0.25,-0.15,-1.584383487701416
0.18090452261306533,-0.25,-0.15,-1.6043928861618042
0.18592964824120603,-0.25,-0.15,-1.6212244033813477
0.19095477386934673,-0.25,-0.15,-1.6098601818084717
0.19597989949748745,-0.25,-0.15,-1.7257890701293945
0.20100502512562815,-0.25,-0.15,-1.634077787399292
0.20603015075376885,-0.25,-0.15,-1.576883316040039
0.21105527638190955,-0.25,-0.15,-1.496910810470581
0.21608040201005024,-0.25,-0.15,-1.325796365737915
0.22110552763819097,-0.25,-0.15,-1.3477165699005127
0.22613065326633167,-0.25,-0.15,-1.3740659952163696
0.23115577889447236,-0.25,-0.15,-1.342101812362671
0.23618090452261306,-0.25,-0.15,-1.3457190990447998
0.24120603015075376,-0.25,-0.15,-1.5011048316955566
0.24623115577889448,-0.25,-0.15,-1.526605248451233
0.25125628140703515,-0.25,-0.15,-1.5701791048049927
0.2562814070351759,-0.25,-0.15,-1.6486549377441406
0.2613065326633166,-0.25,-0.15,-1.6679021120071411
0.2663316582914573,-0.25,-0.15,-1.6491225957870483
0.271356783919598,-0.25,-0.15,-1.7234632968902588
0.2763819095477387,-0.25,-0.15,-1.7221447229385376
0.2814070351758794,-0.25,-0.15,-1.7803982496261597
0.2864321608040201,-0.25,-0.15,-1.8536736965179443
0.2914572864321608,-0.25,-0.15,-1.9337819814682007
0.2964824120603015,-0.25,-0.15,-1.944217562675476
0.30150753768844224,-0.25,-0.15,-1.9699280261993408
0.3065326633165829,-0.25,-0.15,-2.0577075481414795
0.31155778894472363,-0.25,-0.15,-2.198137044906616
0.3165829145728643,-0.25,-0.15,-2.274022102355957
0.32160804020100503,-0.25,-0.15,-2.2915639877319336
0.32663316582914576,-0.25,-0.15,-2.342456340789795
0.3316582914572864,-0.25,-0.15,-2.355767250061035
0.33668341708542715,-0.25,-0.15,-2.298799991607666
0.3417085427135678,-0.25,-0.15,-2.2343974113464355
0.34673366834170855,-0.25,-0.15,-2.1347551345825195
0.35175879396984927,-0.25,-0.15,-2.135779857635498
0.35678391959798994,-0.25,-0.15,-2.143061876296997
0.36180904522613067,-0.25,-0.15,-2.194622755050659
0.36683417085427134,-0.25,-0.15,-2.357611894607544
0.37185929648241206,-0.25,-0.15,-2.4108035564422607
0.3768844221105528,-0.25,-0.15,-2.5288922786712646
0.38190954773869346,-0.25,-0.15,-2.7220470905303955
0.3869346733668342,-0.25,-0.15,-2.745554208755493
0.3919597989949749,-0.25,-0.15,-2.757946252822876
0.3969849246231156,-0.25,-0.15,-2.7810842990875244
0.4020100502512563,-0.25,-0.15,-2.7767374515533447
0.40703517587939697,-0.25,-0.15,-2.8077633380889893
0.4120603015075377,-0.25,-0.15,-2.786564588546753
0.4170854271356784,-0.25,-0.15,-2.8121109008789062
0.4221105527638191,-0.25,-0.15,-2.8788797855377197
0.4271356783919598,-0.25,-0.15,-2.8518447875976562
0.4321608040201005,-0.25,-0.15,-2.8535234928131104
0.4371859296482412,-0.25,-0.15,-2.8660192489624023
0.44221105527638194,-0.25,-0.15,-2.9829633235931396
0.4472361809045226,-0.25,-0.15,-3.1057374477386475
0.45226130653266333,-0.25,-0.15,-3.124682903289795
0.457286432160804,-0.25,-0.15,-3.2097063064575195
0.4623115577889447,-0.25,-0.15,-3.3093996047973633
0.46733668341708545,-0.25,-0.15,-3.3811898231506348
0.4723618090452261,-0.25,-0.15,-3.5547120571136475
0.47738693467336685,-0.25,-0.15,-3.603837490081787
0.4824120603015075,-0.25,-0.15,-3.504091262817383
0.48743718592964824,-0.25,-0.15,-3.4708714485168457
0.49246231155778897,-0.25,-0.15,-3.4052672386169434
0.49748743718592964,-0.25,-0.15,-3.4745872020721436
0.5025125628140703,-0.25,-0.15,-3.588884115219116
0.507537688442211,-0.25,-0.15,-3.7313232421875
0.5125628140703518,-0.25,-0.15,-3.78200626373291
0.5175879396984925,-0.25,-0.15,-3.8203468322753906
0.5226130653266332,-0.25,-0.15,-3.7628016471862793
0.5276381909547738,-0.25,-0.15,-3.7390365600585938
0.5326633165829145,-0.25,-0.15,-3.7167365550994873
0.5376884422110553,-0.25,-0.15,-3.5945401191711426
0.542713567839196,-0.25,-0.15,-3.4503822326660156
0.5477386934673367,-0.25,-0.15,-3.42282772064209
0.5527638190954774,-0.25,-0.15,-3.4116339683532715
0.5577889447236181,-0.25,-0.15,-3.3844871520996094
0.5628140703517588,-0.25,-0.15,-3.354226589202881
0.5678391959798995,-0.25,-0.15,-3.2748382091522217
0.5728643216080402,-0.25,-0.15,-3.1542534828186035
0.577889447236181,-0.25,-0.15,-2.998640298843384
0.5829145728643216,-0.25,-0.15,-2.8570780754089355
0.5879396984924623,-0.25,-0.15,-2.714693069458008
0.592964824120603,-0.25,-0.15,-2.587733268737793
0.5979899497487438,-0.25,-0.15,-2.413356304168701
0.6030150753768845,-0.25,-0.15,-2.1839675903320312
0.6080402010050251,-0.25,-0.15,-2.028520345687866
0.6130653266331658,-0.25,-0.15,-1.815656065940857
0.6180904522613065,-0.25,-0.15,-1.7077107429504395
0.6231155778894473,-0.25,-0.15,-1.6740391254425049
0.628140703517588,-0.25,-0.15,-1.6058613061904907
0.6331658291457286,-0.25,-0.15,-1.5397465229034424
0.6381909547738693,-0.25,-0.15,-1.4331356287002563
0.6432160804020101,-0.25,-0.15,-1.3814427852630615
0.6482412060301508,-0.25,-0.15,-1.2693955898284912
0.6532663316582915,-0.25,-0.15,-1.1683987379074097
0.6582914572864321,-0.25,-0.15,-1.1535426378250122
0.6633165829145728,-0.25,-0.15,-1.1449756622314453
0.6683417085427136,-0.25,-0.15,-1.060784935951233
0.6733668341708543,-0.25,-0.15,-0.9550660848617554
0.678391959798995,-0.25,-0.15,-0.8591576814651489
0.6834170854271356,-0.25,-0.15,-0.8026773929595947
0.6884422110552764,-0.25,-0.15,-0.7599305510520935
0.6934673366834171,-0.25,-0.15,-0.7720133066177368
0.6984924623115578,-0.25,-0.15,-0.7406684756278992
0.7035175879396985,-0.25,-0.15,-0.6548503041267395
0.7085427135678392,-0.25,-0.15,-0.5810548067092896
0.7135678391959799,-0.25,-0.15,-0.5685995817184448
0.7185929648241206,-0.25,-0.15,-0.5461491346359253
0.7236180904522613,-0.25,-0.15,-0.438751757144928
0.7286432160804021,-0.25,-0.15,-0.37637990713119507
0.7336683417085427,-0.25,-0.15,-0.26976022124290466
0.7386934673366834,-0.25,-0.15,-0.1811044067144394
0.7437185929648241,-0.25,-0.15,-0.20333720743656158
0.7487437185929648,-0.25,-0.15,-0.13818539679050446
0.7537688442211056,-0.25,-0.15,-0.04914286360144615
0.7587939698492463,-0.25,-0.15,0.015944261103868484
0.7638190954773869,-0.25,-0.15,0.06747592985630035
0.7688442211055276,-0.25,-0.15,0.11597897112369537
0.7738693467336684,-0.25,-0.15,0.1835181564092636
0.7788944723618091,-0.25,-0.15,0.28307563066482544
0.7839195979899498,-0.25,-0.15,0.39104124903678894
0.7889447236180904,-0.25,-0.15,0.4879177212715149
0.7939698492462312,-0.25,-0.15,0.49508076906204224
0.7989949748743719,-0.25,-0.15,0.4748949408531189
0.8040201005025126,-0.25,-0.15,0.4646724462509155
0.8090452261306533,-0.25,-0.15,0.4937276244163513
0.8140703517587939,-0.25,-0.15,0.5649846792221069
0.8190954773869347,-0.25,-0.15,0.5870256423950195
0.8241206030150754,-0.25,-0.15,0.611869215965271
0.8291457286432161,-0.25,-0.15,0.6549794673919678
0.8341708542713568,-0.25,-0.15,0.6937460899353027
0.8391959798994975,-0.25,-0.15,0.6785666346549988
0.8442211055276382,-0.25,-0.15,0.733744204044342
0.8492462311557789,-0.25,-0.15,0.691169023513794
0.8542713567839196,-0.25,-0.15,0.6890034079551697
0.8592964824120604,-0.25,-0.15,0.5921704173088074
0.864321608040201,-0.25,-0.15,0.424337774515152
0.8693467336683417,-0.25,-0.15,0.25195908546447754
0.8743718592964824,-0.25,-0.15,0.17910858988761902
0.8793969849246231,-0.25,-0.15,0.06796851754188538
0.8844221105527639,-0.25,-0.15,-0.0592302568256855
0.8894472361809045,-0.25,-0.15,-0.17711910605430603
0.8944723618090452,-0.25,-0.15,-0.31670063734054565
0.8994974874371859,-0.25,-0.15,-0.3866017758846283
0.9045226130653267,-0.25,-0.15,-0.4673187732696533
0.9095477386934674,-0.25,-0.15,-0.5361928343772888
0.914572864321608,-0.25,-0.15,-0.736395001411438
0.9195979899497487,-0.25,-0.15,-0.8460137844085693
0.9246231155778895,-0.25,-0.15,-0.8413205146789551
0.9296482412060302,-0.25,-0.15,-0.9635820388793945
0.9346733668341709,-0.25,-0.15,-1.0884208679199219
0.9396984924623115,-0.25,-0.15,-1.3076781034469604
0.9447236180904522,-0.25,-0.15,-1.4068470001220703
0.949748743718593,-0.25,-0.15,-1.5143139362335205
0.9547738693467337,-0.25,-0.15,-1.543217420578003
0.9597989949748744,-0.25,-0.15,-1.6558713912963867
0.964824120603015,-0.25,-0.15,-1.7633342742919922
0.9698492462311558,-0.25,-0.15,-1.8032901287078857
0.9748743718592965,-0.25,-0.15,-1.855346918106079
0.9798994974874372,-0.25,-0.15,-1.984041690826416
0.9849246231155779,-0.25,-0.15,-2.138859272003174
0.9899497487437187,-0.25,-0.15,-2.2352428436279297
0.9949748743718593,-0.25,-0.15,-2.290898323059082
1.0,-0.25,-0.15,-2.3894596099853516
0.0,0.45,0.25,5.909058094024658
0.005025125628140704,0.45,0.25,14.49877643585205
0.010050251256281407,0.45,0.25,15.99637222290039
0.01507537688442211,0.45,0.25,18.001708984375
0.020100502512562814,0.45,0.25,18.838125228881836
0.02512562814070352,0.45,0.25,19.851682662963867
0.03015075376884422,0.45,0.25,20.397722244262695
0.035175879396984924,0.45,0.25,20.539575576782227
0.04020100502512563,0.45,0.25,20.13857078552246
0.04522613065326633,0.45,0.25,19.650293350219727
0.05025125628140704,0.45,0.25,19.64508628845215
0.05527638190954774,0.45,0.25,18.598665237426758
0.06030150753768844,0.45,0.25,17.79524040222168
0.06532663316582915,0.45,0.25,17.330032348632812
0.07035175879396985,0.45,0.25,16.6512451171875
0.07537688442211056,0.45,0.25,14.82861328125
0.08040201005025126,0.45,0.25,13.656052589416504
0.08542713567839195,0.45,0.25,12.523798942565918
0.09045226130653267,0.45,0.25,11.177488327026367
0.09547738693467336,0.45,0.25,9.92380428314209
0.10050251256281408,0.45,0.25,8.890130996704102
0.10552763819095477,0.45,0.25,7.542638778686523
0.11055276381909548,0.45,0.25,6.358407497406006
0.11557788944723618,0.45,0.25,5.189233303070068
0.12060301507537688,0.45,0.25,3.610168695449829
0.12562814070351758,0.45,0.25,2.6247754096984863
0.1306532663316583,0.45,0.25,1.8259773254394531
0.135678391959799,0.45,0.25,1.1142549514770508
0.1407035175879397,0.45,0.25,0.5825533866882324
0.1457286432160804,0.45,0.25,0.15938091278076172
0.15075376884422112,0.45,0.25,-0.5905418395996094
0.15577889447236182,0.45,0.25,-1.7365236282348633
0.16080402010050251,0.45,0.25,-2.3102850914001465
0.1658291457286432,0.45,0.25,-2.6494197845458984
0.1708542713567839,0.45,0.25,-3.018731117248535
0.17587939698492464,0.45,0.25,-3.463409900665283
0.18090452261306533,0.45,0.25,-3.7122716903686523
0.18592964824120603,0.45,0.25,-3.898637533187866
0.19095477386934673,0.45,0.25,-4.222304344177246
0.19597989949748745,0.45,0.25,-4.25933837890625
0.20100502512562815,0.45,0.25,-4.4302520751953125
0.20603015075376885,0.45,0.25,-4.819707870483398
0.21105527638190955,0.45,0.25,-4.906540870666504
0.21608040201005024,0.45,0.25,-5.13896369934082
0.22110552763819097,0.45,0.25,-5.197958946228027
0.22613065326633167,0.45,0.25,-5.41306209564209
0.23115577889447236,0.45,0.25,-5.540287017822266
0.23618090452261306,0.45,0.25,-5.796792030334473
0.24120603015075376,0.45,0.25,-6.123416900634766
0.24623115577889448,0.45,0.25,-6.634537696838379
0.25125628140703515,0.45,0.25,-6.516061305999756
0.2562814070351759,0.45,0.25,-6.446698188781738
0.2613065326633166,0.45,0.25,-6.355525493621826
0.2663316582914573,0.45,0.25,-6.334303855895996
0.271356783919598,0.45,0.25,-6.347601890563965
0.2763819095477387,0.45,0.25,-6.552460670471191
0.2814070351758794,0.45,0.25,-6.475296497344971
0.2864321608040201,0.45,0.25,-6.263810634613037
0.2914572864321608,0.45,0.25,-6.326728820800781
0.2964824120603015,0.45,0.25,-6.299659252166748
0.30150753768844224,0.45,0.25,-6.346220016479492
0.3065326633165829,0.45,0.25,-6.272706985473633
0.31155778894472363,0.45,0.25,-6.045510292053223
0.3165829145728643,0.45,0.25,-5.795206069946289
0.32160804020100503,0.45,0.25,-5.5293049812316895
0.32663316582914576,0.45,0.25,-5.368246078491211
0.3316582914572864,0.45,0.25,-5.187640190124512
0.33668341708542715,0.45,0.25,-5.026708126068115
0.3417085427135678,0.45,0.25,-4.936893463134766
0.34673366834170855,0.45,0.25,-4.9182305335998535
0.35175879396984927,0.45,0.25,-4.825523853302002
0.35678391959798994,0.45,0.25,-4.766744613647461
0.36180904522613067,0.45,0.25,-4.760661602020264
0.36683417085427134,0.45,0.25,-4.778879165649414
0.37185929648241206,0.45,0.25,-4.767256736755371
0.3768844221105528,0.45,0.25,-4.746449947357178
0.38190954773869346,0.45,0.25,-4.618378639221191
0.3869346733668342,0.45,0.25,-4.461391448974609
0.3919597989949749,0.45,0.25,-4.379985332489014
0.3969849246231156,0.45,0.25,-4.1973724365234375
0.4020100502512563,0.45,0.25,-3.991678237915039
0.40703517587939697,0.45,0.25,-3.9336822032928467
0.4120603015075377,0.45,0.25,-3.8142011165618896
0.4170854271356784,0.45,0.25,-3.635145425796509
0.4221105527638191,0.45,0.25,-3.4870362281799316
0.4271356783919598,0.45,0.25,-3.3848328590393066
0.4321608040201005,0.45,0.25,-3.2941884994506836
0.4371859296482412,0.45,0.25,-3.2052385807037354
0.44221105527638194,0.45,0.25,-3.0805513858795166
0.4472361809045226,0.45,0.25,-3.005465507507324
0.45226130653266333,0.45,0.25,-2.9323596954345703
0.457286432160804,0.45,0.25,-2.830153465270996
0.4623115577889447,0.45,0.25,-2.630830764770508
0.46733668341708545,0.45,0.25,-2.408653736114502
0.4723618090452261,0.45,0.25,-2.20936918258667
0.47738693467336685,0.45,0.25,-2.0257158279418945
0.4824120603015075,0.45,0.25,-1.8060483932495117
0.48743718592964824,0.45,0.25,-1.6361867189407349
0.49246231155778897,0.45,0.25,-1.4952877759933472
0.49748743718592964,0.45,0.25,-1.3730814456939697
0.5025125628140703,0.45,0.25,-1.2544443607330322
0.507537688442211,0.45,0.25,-1.1728564500808716
0.5125628140703518,0.45,0.25,-1.0325989723205566
0.5175879396984925,0.45,0.25,-0.8818247318267822
0.5226130653266332,0.45,0.25,-0.7598143815994263
0.5276381909547738,0.45,0.25,-0.6145052909851074
0.5326633165829145,0.45,0.25,-0.48519420623779297
0.5376884422110553,0.45,0.25,-0.37712472677230835
0.542713567839196,0.45,0.25,-0.2098420262336731
0.5477386934673367,0.45,0.25,-0.11038404703140259
0.5527638190954774,0.45,0.25,0.00939905270934105
0.5577889447236181,0.45,0.25,0.07409852743148804
0.5628140703517588,0.45,0.25,0.16204260289669037
0.5678391959798995,0.45,0.25,0.15538935363292694
0.5728643216080402,0.45,0.25,0.17615896463394165
0.577889447236181,0.45,0.25,0.20761355757713318
0.5829145728643216,0.45,0.25,0.2734231948852539
0.5879396984924623,0.45,0.25,0.23783060908317566
0.592964824120603,0.45,0.25,0.2849288880825043
0.5979899497487438,0.45,0.25,0.3292122483253479
0.6030150753768845,0.45,0.25,0.32953715324401855
0.6080402010050251,0.45,0.25,0.2859375476837158
0.6130653266331658,0.45,0.25,0.2331031858921051
0.6180904522613065,0.45,0.25,0.2489059567451477
0.6231155778894473,0.45,0.25,0.21969613432884216
0.628140703517588,0.45,0.25,0.1379755735397339
0.6331658291457286,0.45,0.25,0.11479452252388
0.6381909547738693,0.45,0.25,-0.0014953650534152985
0.6432160804020101,0.45,0.25,-0.15199527144432068
0.6482412060301508,0.45,0.25,-0.3389561176300049
0.6532663316582915,0.45,0.25,-0.447297602891922
0.6582914572864321,0.45,0.25,-0.6092590093612671
0.6633165829145728,0.45,0.25,-0.7348661422729492
0.6683417085427136,0.45,0.25,-0.7891846299171448
0.6733668341708543,0.45,0.25,-0.8451348543167114
0.678391959798995,0.45,0.25,-0.8731461763381958
0.6834170854271356,0.45,0.25,-0.9076706767082214
0.6884422110552764,0.45,0.25,-0.9939411878585815
0.6934673366834171,0.45,0.25,-1.0667037963867188
0.6984924623115578,0.45,0.25,-1.084852695465088
0.7035175879396985,0.45,0.25,-1.0317420959472656
0.7085427135678392,0.45,0.25,-1.0587184429168701
0.7135678391959799,0.45,0.25,-1.0562918186187744
0.7185929648241206,0.45,0.25,-0.9828464984893799
0.7236180904522613,0.45,0.25,-0.9582983255386353
0.7286432160804021,0.45,0.25,-0.9525026679039001
0.7336683417085427,0.45,0.25,-0.9250491857528687
0.7386934673366834,0.45,0.25,-0.9087969064712524
0.7437185929648241,0.45,0.25,-0.8735287189483643
0.7487437185929648,0.45,0.25,-0.8252450227737427
0.7537688442211056,0.45,0.25,-0.8055794835090637
0.7587939698492463,0.45,0.25,-0.7339786291122437
0.7638190954773869,0.45,0.25,-0.6728793382644653
0.7688442211055276,0.45,0.25,-0.5821418762207031
0.7738693467336684,0.45,0.25,-0.5193687677383423
0.7788944723618091,0.45,0.25,-0.4023250341415405
0.7839195979899498,0.45,0.25,-0.37091726064682007
0.7889447236180904,0.45,0.25,-0.3936510682106018
0.7939698492462312,0.45,0.25,-0.36644214391708374
0.7989949748743719,0.45,0.25,-0.4142395257949829
0.8040201005025126,0.45,0.25,-0.42504364252090454
0.8090452261306533,0.45,0.25,-0.41859766840934753
0.8140703517587939,0.45,0.25,-0.3916892409324646
0.8190954773869347,0.45,0.25,-0.3566005825996399
0.8241206030150754,0.45,0.25,-0.3426452875137329
0.8291457286432161,0.45,0.25,-0.3763112723827362
0.8341708542713568,0.45,0.25,-0.4076956808567047
0.8391959798994975,0.45,0.25,-0.44054311513900757
0.8442211055276382,0.45,0.25,-0.4638291001319885
0.8492462311557789,0.45,0.25,-0.5066726207733154
0.8542713567839196,0.45,0.25,-0.48811447620391846
0.8592964824120604,0.45,0.25,-0.5049750208854675
0.864321608040201,0.45,0.25,-0.550554633140564
0.8693467336683417,0.45,0.25,-0.5995371341705322
0.8743718592964824,0.45,0.25,-0.640024721622467
0.8793969849246231,0.45,0.25,-0.6769448518753052
0.8844221105527639,0.45,0.25,-0.7213915586471558
0.8894472361809045,0.45,0.25,-0.7816643714904785
0.8944723618090452,0.45,0.25,-0.7573281526565552
0.8994974874371859,0.45,0.25,-0.8090420365333557
0.9045226130653267,0.45,0.25,-0.8404123783111572
0.9095477386934674,0.45,0.25,-0.8807039260864258
0.914572864321608,0.45,0.25,-1.0358272790908813
0.9195979899497487,0.45,0.25,-1.0633928775787354
0.9246231155778895,0.45,0.25,-1.0920004844665527
0.9296482412060302,0.45,0.25,-1.1336325407028198
0.9346733668341709,0.45,0.25,-1.151494026184082
0.9396984924623115,0.45,0.25,-1.161063313484192
0.9447236180904522,0.45,0.25,-1.1730272769927979
0.949748743718593,0.45,0.25,-1.1147197484970093
0.9547738693467337,0.45,0.25,-1.0109223127365112
0.9597989949748744,0.45,0.25,-0.9829703569412231
0.964824120603015,0.45,0.25,-0.9847517013549805
0.9698492462311558,0.45,0.25,-0.9645483493804932
0.9748743718592965,0.45,0.25,-0.8847092986106873
0.9798994974874372,0.45,0.25,-0.779096782207489
0.9849246231155779,0.45,0.25,-0.7266497015953064
0.9899497487437187,0.45,0.25,-0.6829598546028137
0.9949748743718593,0.45,0.25,-0.651581346988678
1.0,0.45,0.25,-0.6395464539527893
0.0,0.25,-0.35,-1.1184958219528198
0.005025125628140704,0.25,-0.35,-0.24611720442771912
0.010050251256281407,0.25,-0.35,0.19166529178619385
0.01507537688442211,0.25,-0.35,0.3328712284564972
0.020100502512562814,0.25,-0.35,0.3706647753715515
0.02512562814070352,0.25,-0.35,0.37343674898147583
0.03015075376884422,0.25,-0.35,0.3153002858161926
0.035175879396984924,0.25,-0.35,0.0033782683312892914
0.04020100502512563,0.25,-0.35,-0.1931174099445343
0.04522613065326633,0.25,-0.35,-0.24885165691375732
0.05025125628140704,0.25,-0.35,-0.6206384897232056
0.05527638190954774,0.25,-0.35,-1.339642882347107
0.06030150753768844,0.25,-0.35,-2.0160999298095703
0.06532663316582915,0.25,-0.35,-2.7713167667388916
0.07035175879396985,0.25,-0.35,-2.5747251510620117
0.07537688442211056,0.25,-0.35,-2.163182020187378
0.08040201005025126,0.25,-0.35,-1.9429972171783447
0.08542713567839195,0.25,-0.35,-1.7629811763763428
0.09045226130653267,0.25,-0.35,-0.9648387432098389
0.09547738693467336,0.25,-0.35,-0.5009751319885254
0.10050251256281408,0.25,-0.35,0.10813069343566895
0.10552763819095477,0.25,-0.35,0.5916354656219482
0.11055276381909548,0.25,-0.35,0.9706437587738037
0.11557788944723618,0.25,-0.35,1.2406359910964966
0.12060301507537688,0.25,-0.35,1.0213236808776855
0.12562814070351758,0.25,-0.35,0.8004195690155029
0.1306532663316583,0.25,-0.35,0.6141324043273926
0.135678391959799,0.25,-0.35,0.5726826190948486
0.1407035175879397,0.25,-0.35,0.36494946479797363
0.1457286432160804,0.25,-0.35,0.6816539764404297
0.15075376884422112,0.25,-0.35,0.9269616603851318
0.15577889447236182,0.25,-0.35,1.1221604347229004
0.16080402010050251,0.25,-0.35,1.683092474937439
0.1658291457286432,0.25,-0.35,1.9831918478012085
0.1708542713567839,0.25,-0.35,1.9951640367507935
0.17587939698492464,0.25,-0.35,2.0580129623413086
0.18090452261306533,0.25,-0.35,2.431246280670166
0.18592964824120603,0.25,-0.35,2.5204083919525146
0.19095477386934673,0.25,-0.35,2.51835036277771
0.19597989949748745,0.25,-0.35,2.5749919414520264
0.20100502512562815,0.25,-0.35,2.5381453037261963
0.20603015075376885,0.25,-0.35,2.310513734817505
0.21105527638190955,0.25,-0.35,2.309225559234619
0.21608040201005024,0.25,-0.35,2.5534920692443848
0.22110552763819097,0.25,-0.35,2.5326383113861084
0.22613065326633167,0.25,-0.35,2.320509433746338
0.23115577889447236,0.25,-0.35,2.1100330352783203
0.23618090452261306,0.25,-0.35,2.033205270767212
0.24120603015075376,0.25,-0.35,1.90659499168396
0.24623115577889448,0.25,-0.35,1.6761829853057861
0.25125628140703515,0.25,-0.35,1.5085046291351318
0.2562814070351759,0.25,-0.35,1.4782687425613403
0.2613065326633166,0.25,-0.35,1.5345690250396729
0.2663316582914573,0.25,-0.35,1.4352264404296875
0.271356783919598,0.25,-0.35,1.3789310455322266
0.2763819095477387,0.25,-0.35,1.355151653289795
0.2814070351758794,0.25,-0.35,1.44636070728302
0.2864321608040201,0.25,-0.35,1.5473766326904297
0.2914572864321608,0.25,-0.35,1.4647150039672852
0.2964824120603015,0.25,-0.35,1.3334336280822754
0.30150753768844224,0.25,-0.35,1.1704181432724
0.3065326633165829,0.25,-0.35,1.0488169193267822
0.31155778894472363,0.25,-0.35,1.0715579986572266
0.3165829145728643,0.25,-0.35,0.9354671835899353
0.32160804020100503,0.25,-0.35,0.6413378715515137
0.32663316582914576,0.25,-0.35,0.33030080795288086
0.3316582914572864,0.25,-0.35,0.12070946395397186
0.33668341708542715,0.25,-0.35,-0.010483507066965103
0.3417085427135678,0.25,-0.35,-0.1885884404182434
0.34673366834170855,0.25,-0.35,-0.38433337211608887
0.35175879396984927,0.25,-0.35,-0.5021939277648926
0.35678391959798994,0.25,-0.35,-0.663625955581665
0.36180904522613067,0.25,-0.35,-0.8229259252548218
0.36683417085427134,0.25,-0.35,-1.0429024696350098
0.37185929648241206,0.25,-0.35,-1.251159906387329
0.3768844221105528,0.25,-0.35,-1.4440865516662598
0.38190954773869346,0.25,-0.35,-1.57234525680542
0.3869346733668342,0.25,-0.35,-1.8790209293365479
0.3919597989949749,0.25,-0.35,-2.110969066619873
0.3969849246231156,0.25,-0.35,-2.3456358909606934
0.4020100502512563,0.25,-0.35,-2.55210542678833
0.40703517587939697,0.25,-0.35,-2.7060658931732178
0.4120603015075377,0.25,-0.35,-2.9573402404785156
0.4170854271356784,0.25,-0.35,-3.103480339050293
0.4221105527638191,0.25,-0.35,-3.2940592765808105
0.4271356783919598,0.25,-0.35,-3.448206663131714
0.4321608040201005,0.25,-0.35,-3.6069726943969727
0.4371859296482412,0.25,-0.35,-3.733823299407959
0.44221105527638194,0.25,-0.35,-3.7944188117980957
0.4472361809045226,0.25,-0.35,-3.9036049842834473
0.45226130653266333,0.25,-0.35,-4.111043453216553
0.457286432160804,0.25,-0.35,-4.157231330871582
0.4623115577889447,0.25,-0.35,-4.23775053024292
0.46733668341708545,0.25,-0.35,-4.296234130859375
0.4723618090452261,0.25,-0.35,-4.382881164550781
0.47738693467336685,0.25,-0.35,-4.456908226013184
0.4824120603015075,0.25,-0.35,-4.426238059997559
0.48743718592964824,0.25,-0.35,-4.371776580810547
0.49246231155778897,0.25,-0.35,-4.396294593811035
0.49748743718592964,0.25,-0.35,-4.4657979011535645
0.5025125628140703,0.25,-0.35,-4.424330234527588
0.507537688442211,0.25,-0.35,-4.259387493133545
0.5125628140703518,0.25,-0.35,-4.1814727783203125
0.5175879396984925,0.25,-0.35,-4.21591329574585
0.5226130653266332,0.25,-0.35,-4.20993709564209
0.5276381909547738,0.25,-0.35,-4.196316719055176
0.5326633165829145,0.25,-0.35,-4.212913990020752
0.5376884422110553,0.25,-0.35,-4.081235885620117
0.542713567839196,0.25,-0.35,-4.022575378417969
0.5477386934673367,0.25,-0.35,-4.0022406578063965
0.5527638190954774,0.25,-0.35,-3.918114185333252
0.5577889447236181,0.25,-0.35,-3.8277249336242676
0.5628140703517588,0.25,-0.35,-3.7933290004730225
0.5678391959798995,0.25,-0.35,-3.722987651824951
0.5728643216080402,0.25,-0.35,-3.6584930419921875
0.577889447236181,0.25,-0.35,-3.6901259422302246
0.5829145728643216,0.25,-0.35,-3.7328600883483887
0.5879396984924623,0.25,-0.35,-3.782758951187134
0.592964824120603,0.25,-0.35,-3.7515668869018555
0.5979899497487438,0.25,-0.35,-3.730982542037964
0.6030150753768845,0.25,-0.35,-3.789004325866699
0.6080402010050251,0.25,-0.35,-3.6876649856567383
0.6130653266331658,0.25,-0.35,-3.618375062942505
0.6180904522613065,0.25,-0.35,-3.5917346477508545
0.6231155778894473,0.25,-0.35,-3.584789514541626
0.628140703517588,0.25,-0.35,-3.6037752628326416
0.6331658291457286,0.25,-0.35,-3.6618521213531494
0.6381909547738693,0.25,-0.35,-3.6528940200805664
0.6432160804020101,0.25,-0.35,-3.6302177906036377
0.6482412060301508,0.25,-0.35,-3.678575038909912
0.6532663316582915,0.25,-0.35,-3.6951510906219482
0.6582914572864321,0.25,-0.35,-3.6660900115966797
0.6633165829145728,0.25,-0.35,-3.6426310539245605
0.6683417085427136,0.25,-0.35,-3.552825689315796
0.6733668341708543,0.25,-0.35,-3.4292960166931152
0.678391959798995,0.25,-0.35,-3.3162808418273926
0.6834170854271356,0.25,-0.35,-3.258453369140625
0.6884422110552764,0.25,-0.35,-3.0904812812805176
0.6934673366834171,0.25,-0.35,-3.0612728595733643
0.6984924623115578,0.25,-0.35,-2.909015417098999
0.7035175879396985,0.25,-0.35,-2.7880191802978516
0.7085427135678392,0.25,-0.35,-2.681941032409668
0.7135678391959799,0.25,-0.35,-2.5174574851989746
0.7185929648241206,0.25,-0.35,-2.461115598678589
0.7236180904522613,0.25,-0.35,-2.381626605987549
0.7286432160804021,0.25,-0.35,-2.2151455879211426
0.7336683417085427,0.25,-0.35,-2.127716541290283
0.7386934673366834,0.25,-0.35,-2.0274200439453125
0.7437185929648241,0.25,-0.35,-1.936276912689209
0.7487437185929648,0.25,-0.35,-1.8253750801086426
0.7537688442211056,0.25,-0.35,-1.7155137062072754
0.7587939698492463,0.25,-0.35,-1.6169368028640747
0.7638190954773869,0.25,-0.35,-1.436776876449585
0.7688442211055276,0.25,-0.35,-1.3157762289047241
0.7738693467336684,0.25,-0.35,-1.1733447313308716
0.7788944723618091,0.25,-0.35,-1.0417460203170776
0.7839195979899498,0.25,-0.35,-0.9601085186004639
0.7889447236180904,0.25,-0.35,-0.8177683353424072
0.7939698492462312,0.25,-0.35,-0.6903419494628906
0.7989949748743719,0.25,-0.35,-0.6038137078285217
0.8040201005025126,0.25,-0.35,-0.5734211206436157
0.8090452261306533,0.25,-0.35,-0.4979243278503418
0.8140703517587939,0.25,-0.35,-0.4288913905620575
0.8190954773869347,0.25,-0.35,-0.3308716416358948
0.8241206030150754,0.25,-0.35,-0.3017241358757019
0.8291457286432161,0.25,-0.35,-0.2465217113494873
0.8341708542713568,0.25,-0.35,-0.2024310827255249
0.8391959798994975,0.25,-0.35,-0.10155098140239716
0.8442211055276382,0.25,-0.35,-0.014911923557519913
0.8492462311557789,0.25,-0.35,0.015863265842199326
0.8542713567839196,0.25,-0.35,-0.019002441316843033
0.8592964824120604,0.25,-0.35,-0.006613347679376602
0.864321608040201,0.25,-0.35,-0.029238853603601456
0.8693467336683417,0.25,-0.35,-0.015115547925233841
0.8743718592964824,0.25,-0.35,-0.04677525535225868
0.8793969849246231,0.25,-0.35,-0.09262536466121674
0.8844221105527639,0.25,-0.35,-0.08236470818519592
0.8894472361809045,0.25,-0.35,-0.09780097007751465
0.8944723618090452,0.25,-0.35,-0.11481954157352448
0.8994974874371859,0.25,-0.35,-0.1455312818288803
0.9045226130653267,0.25,-0.35,-0.12899084389209747
0.9095477386934674,0.25,-0.35,-0.09806795418262482
0.914572864321608,0.25,-0.35,-0.0918879508972168
0.9195979899497487,0.25,-0.35,-0.1350632756948471
0.9246231155778895,0.25,-0.35,-0.15227605402469635
0.9296482412060302,0.25,-0.35,-0.12994970381259918
0.9346733668341709,0.25,-0.35,-0.07672639191150665
0.9396984924623115,0.25,-0.35,0.005762744694948196
0.9447236180904522,0.25,-0.35,0.052199553698301315
0.949748743718593,0.25,-0.35,0.038994673639535904
0.9547738693467337,0.25,-0.35,0.026105087250471115
0.9597989949748744,0.25,-0.35,0.14550255239009857
0.964824120603015,0.25,-0.35,0.17989449203014374
0.9698492462311558,0.25,-0.35,0.20457585155963898
0.9748743718592965,0.25,-0.35,0.16205324232578278
0.9798994974874372,0.25,-0.35,0.160184845328331
0.9849246231155779,0.25,-0.35,0.1559036523103714
0.9899497487437187,0.25,-0.35,0.11809135973453522
0.9949748743718593,0.25,-0.35,0.11234275996685028
1.0,0.25,-0.35,0.15132085978984833
